user_id,month,persona,total_spend,total_income,txn_count,avg_txn,max_txn,std_txn,pct_food,pct_travel,pct_leisure,pct_education,pct_other,weekend_ratio,happy_spend_avg,happy_txn_count,sad_spend_avg,sad_txn_count,stressed_spend_avg,stressed_txn_count,neutral_spend_avg,neutral_txn_count,excited_spend_avg,excited_txn_count,dominant_mood,adherence_food,adherence_travel,adherence_leisure,adherence_education,adherence_other,overspent_any_category,overspent_food,overspent_travel,overspent_leisure,overspent_education,overspent_other,sub_count,sub_total_cost,inactive_ratio,spending_trend,debt_to_income_ratio,credit_score,savings_to_income_ratio
1,2024-08,IMPULSIVE_SPENDER,4078.41,4509.89,46,88.66,1119.5,172.31,0.3404,0.1571,0.2982,0.0817,0.1226,0.1583,45.79,8,41.78,3,127.1,19,95.85,10,35.57,6,Stressed,1.2778,1.1794,1.1194,0.9202,0.9202,1,1,1,1,0,0,1,9.99,0.0,-40.62,0.0,487,4.56
1,2024-09,IMPULSIVE_SPENDER,4235.44,4509.89,49,86.44,605.13,115.33,0.318,0.1437,0.2998,0.0735,0.165,0.5923,51.57,9,66.73,4,113.15,14,68.87,12,109.39,10,Stressed,1.2398,1.1205,1.1686,0.8593,1.2865,1,1,1,1,0,1,1,9.99,0.0,-40.62,0.0,487,4.56
1,2024-10,IMPULSIVE_SPENDER,3494.16,4509.89,41,85.22,967.91,151.92,0.294,0.1449,0.29,0.1023,0.1689,0.9876,129.84,5,62.15,6,128.41,15,38.82,10,31.54,5,Stressed,0.9455,0.9318,0.9325,0.9869,1.0861,1,0,0,0,0,1,1,9.99,0.0,-40.62,0.0,487,4.56
1,2024-11,IMPULSIVE_SPENDER,3575.7,4509.89,40,89.39,338.85,87.42,0.2981,0.171,0.2773,0.0994,0.1542,0.4267,66.85,8,142.52,7,109.7,14,49.6,8,36.89,3,Stressed,0.9811,1.1253,0.9128,0.9815,1.0149,1,0,1,0,0,1,1,9.99,0.0,-40.62,0.0,487,4.56
1,2024-12,IMPULSIVE_SPENDER,3870.76,4509.89,48,80.64,510.51,112.32,0.3378,0.1319,0.3036,0.1045,0.1222,0.2695,50.46,8,26.64,2,96.51,22,49.19,12,175.08,4,Stressed,1.2033,0.9399,1.0815,1.1172,0.8709,1,1,0,1,1,0,1,9.99,0.0,-40.62,0.0,487,4.56
1,2025-01,IMPULSIVE_SPENDER,3996.54,4509.89,39,102.48,537.96,115.37,0.2519,0.1195,0.3472,0.1164,0.165,0.3458,67.62,5,160.72,5,128.49,18,36.54,6,64.56,5,Stressed,0.9267,0.8793,1.277,1.2846,1.2138,1,0,0,1,1,1,1,9.99,0.0,-40.62,0.0,487,4.56
2,2024-08,IMPULSIVE_SPENDER,2703.91,3893.78,39,69.33,286.67,76.39,0.2661,0.1724,0.312,0.0898,0.1597,0.2581,94.41,5,87.96,4,70.12,19,57.06,9,17.08,2,Stressed,0.894,1.1579,1.0481,0.9049,1.0729,1,0,1,1,0,1,2,39.99,0.0,23.14,0.0,450,8.15
2,2024-09,IMPULSIVE_SPENDER,3028.79,3893.78,26,116.49,365.34,96.17,0.3347,0.1284,0.3051,0.0877,0.1441,0.435,233.44,3,74.4,2,124.1,8,86.26,6,95.62,7,Stressed,1.2592,0.9664,1.1481,0.9903,1.084,1,1,0,1,0,1,2,39.99,0.0,23.14,0.0,450,8.15
2,2024-10,IMPULSIVE_SPENDER,3079.56,3893.78,42,73.32,465.4,88.61,0.2439,0.1681,0.3134,0.1109,0.1637,0.381,69.84,9,82.18,7,67.2,13,74.09,9,83.84,4,Stressed,0.9332,1.2863,1.1988,1.2728,1.2527,1,0,1,1,1,1,2,39.99,0.0,23.14,0.0,450,8.15
2,2024-11,IMPULSIVE_SPENDER,2766.07,3893.78,40,69.15,522.01,100.89,0.3681,0.1295,0.273,0.0844,0.145,0.1444,35.86,5,76.36,7,100.85,16,32.57,10,56.51,2,Stressed,1.2648,0.8898,0.9382,0.8704,0.9964,1,1,0,0,0,0,2,39.99,0.0,23.14,0.0,450,8.15
2,2024-12,IMPULSIVE_SPENDER,2790.54,3893.78,45,62.01,330.9,83.55,0.2804,0.1764,0.2915,0.0939,0.1578,0.1869,116.39,8,35.65,7,58.65,15,26.19,8,74.38,7,Happy,0.9721,1.2229,1.0105,0.9764,1.0942,1,0,1,1,0,1,2,39.99,0.0,23.14,0.0,450,8.15
2,2025-01,IMPULSIVE_SPENDER,3071.51,3893.78,41,74.91,523.52,103.89,0.3174,0.1158,0.3391,0.1046,0.1231,0.0988,62.89,8,57.56,5,101.03,15,62.26,8,53.4,5,Stressed,1.211,0.8835,1.2941,1.1975,0.9394,1,1,0,1,1,0,2,39.99,0.0,23.14,0.0,450,8.15
3,2024-08,IMPULSIVE_SPENDER,2926.24,3528.7,19,154.01,432.68,130.44,0.3186,0.1529,0.3084,0.1045,0.1156,0.2527,162.35,4,153.99,2,96.16,9,332.48,2,219.23,2,Stressed,1.217,1.1681,1.178,1.1971,0.8833,1,1,1,1,1,0,3,30.97,0.0,-90.23,0.45,321,1.85
3,2024-09,IMPULSIVE_SPENDER,2414.16,3528.7,22,109.73,332.7,105.88,0.2863,0.1965,0.3587,0.0,0.1585,0.3314,69.74,3,89.01,4,137.09,10,164.27,2,49.83,3,Stressed,0.9021,1.2384,1.1305,0.0,0.9989,1,0,1,1,0,0,3,30.97,0.0,-90.23,0.45,321,1.85
3,2024-10,IMPULSIVE_SPENDER,2811.56,3528.7,20,140.58,430.0,131.98,0.2697,0.1357,0.3211,0.1033,0.1702,0.1814,83.7,4,123.54,2,157.75,5,184.89,5,129.12,4,Neutral,0.9899,0.9963,1.1783,1.1369,1.2493,1,0,0,1,1,1,3,30.97,0.0,-90.23,0.45,321,1.85
3,2024-11,IMPULSIVE_SPENDER,2794.4,3528.7,25,111.78,430.21,114.71,0.2478,0.1605,0.3269,0.1008,0.1641,0.7114,124.11,5,86.57,5,103.57,11,113.33,3,261.71,1,Stressed,0.9038,1.1709,1.1924,1.1026,1.1969,1,0,1,1,1,1,3,30.97,0.0,-90.23,0.45,321,1.85
3,2024-12,IMPULSIVE_SPENDER,2451.07,3528.7,18,136.17,309.24,89.05,0.3392,0.1629,0.2692,0.0936,0.135,0.336,229.45,1,165.46,4,131.41,7,124.46,5,17.58,1,Stressed,1.0852,1.0424,0.8614,0.8985,0.8642,1,1,1,0,0,0,3,30.97,0.0,-90.23,0.45,321,1.85
3,2025-01,IMPULSIVE_SPENDER,2275.95,3528.7,16,142.25,406.54,121.43,0.3337,0.0,0.3631,0.1412,0.1619,0.1451,118.53,3,0.0,0,145.69,9,156.38,3,140.04,1,Stressed,0.9915,0.0,1.0789,1.2584,0.9622,1,0,0,1,1,0,3,30.97,0.0,-90.23,0.45,321,1.85
4,2024-08,IMPULSIVE_SPENDER,269.35,887.56,56,4.81,27.54,5.73,0.3529,0.1413,0.2624,0.0969,0.1464,0.167,6.24,5,7.96,8,3.65,26,4.14,12,5.95,5,Stressed,1.19,0.9532,0.8848,0.9805,0.9872,1,1,0,0,0,0,1,30.0,0.0,2.08,0.0,554,1.03
4,2024-09,IMPULSIVE_SPENDER,311.84,887.56,38,8.21,74.35,13.28,0.3109,0.1454,0.3182,0.1039,0.1216,0.5607,3.56,5,24.53,5,8.18,11,4.67,12,5.07,5,Sad,1.2137,1.135,1.2424,1.2167,0.9494,1,1,1,1,1,0,1,30.0,0.0,2.08,0.0,554,1.03
4,2024-10,IMPULSIVE_SPENDER,298.76,887.56,51,5.86,50.56,7.79,0.2921,0.1622,0.3351,0.0885,0.1221,0.9755,4.92,8,5.02,4,7.1,20,4.82,13,5.78,6,Stressed,1.0926,1.2131,1.2534,0.9925,0.9134,1,1,1,1,0,0,1,30.0,0.0,2.08,0.0,554,1.03
4,2024-11,IMPULSIVE_SPENDER,298.16,887.56,55,5.42,30.65,7.02,0.2792,0.1635,0.3351,0.0762,0.1461,0.2654,1.92,11,2.22,6,9.07,21,4.44,12,3.99,5,Stressed,1.0422,1.2203,1.2506,0.8532,1.0904,1,1,1,1,0,1,1,30.0,0.0,2.08,0.0,554,1.03
4,2024-12,IMPULSIVE_SPENDER,266.65,887.56,43,6.2,24.11,5.79,0.2846,0.1354,0.3028,0.1272,0.15,0.5253,3.6,3,2.99,6,7.19,19,6.36,11,7.85,4,Stressed,0.9499,0.9039,1.0106,1.2741,1.0018,1,0,0,1,1,1,1,30.0,0.0,2.08,0.0,554,1.03
4,2025-01,IMPULSIVE_SPENDER,311.11,887.56,56,5.56,48.2,8.54,0.2995,0.1301,0.3313,0.1099,0.1291,0.1262,2.81,10,4.66,7,5.38,25,3.95,10,19.08,4,Stressed,1.1666,1.0138,1.2902,1.2843,1.0058,1,1,1,1,1,1,1,30.0,0.0,2.08,0.0,554,1.03
5,2024-08,IMPULSIVE_SPENDER,6172.62,7719.86,24,257.19,1059.76,273.58,0.3028,0.1503,0.2663,0.1152,0.1654,0.531,41.76,1,233.8,4,311.49,13,186.66,5,213.0,1,Stressed,0.9854,0.9782,0.8666,1.1243,1.0762,1,0,0,0,1,1,3,32.97,0.0,12.47,0.7,522,3.04
5,2024-09,IMPULSIVE_SPENDER,6454.87,7719.86,29,222.58,829.54,219.76,0.2866,0.185,0.2815,0.0897,0.1573,0.6879,461.98,4,166.07,6,176.37,12,284.8,4,118.31,3,Stressed,0.9754,1.2587,0.9578,0.9152,1.0703,1,0,1,0,0,1,3,32.97,0.0,12.47,0.7,522,3.04
5,2024-10,IMPULSIVE_SPENDER,6896.77,7719.86,26,265.26,1819.03,351.34,0.2638,0.1585,0.3281,0.0877,0.162,0.1602,89.83,2,919.45,2,202.65,14,245.59,7,322.01,1,Stressed,0.9589,1.1525,1.1927,0.9569,1.1777,1,0,1,1,0,1,3,32.97,0.0,12.47,0.7,522,3.04
5,2024-11,IMPULSIVE_SPENDER,7024.43,7719.86,30,234.15,789.06,265.47,0.3064,0.1533,0.2947,0.0802,0.1655,0.1489,295.92,6,694.0,1,174.38,13,194.83,6,279.75,4,Stressed,1.1345,1.1351,1.0911,0.8906,1.2259,1,1,1,1,0,1,3,32.97,0.0,12.47,0.7,522,3.04
5,2024-12,IMPULSIVE_SPENDER,6255.63,7719.86,38,164.62,796.17,164.96,0.2832,0.1317,0.3384,0.1167,0.13,0.4309,251.63,3,159.45,4,138.1,20,222.51,7,135.83,4,Stressed,0.9339,0.8683,1.1159,1.1549,0.8575,1,0,0,1,1,0,3,32.97,0.0,12.47,0.7,522,3.04
5,2025-01,IMPULSIVE_SPENDER,6353.93,7719.86,29,219.1,786.48,244.09,0.2842,0.1702,0.2772,0.1155,0.1529,0.356,377.2,5,65.09,4,252.0,12,187.09,6,30.52,2,Stressed,0.9519,1.1403,0.9285,1.1609,1.024,1,0,1,0,1,1,3,32.97,0.0,12.47,0.7,522,3.04
6,2024-08,IMPULSIVE_SPENDER,2734.52,3945.58,49,55.81,237.76,54.02,0.2715,0.1494,0.2682,0.1256,0.1853,0.2776,50.98,14,70.3,7,59.27,15,24.9,8,88.11,5,Stressed,0.9119,1.0035,0.9011,1.2661,1.2448,1,0,1,0,1,1,1,9.99,0.0,5.38,3.5,456,5.49
6,2024-09,IMPULSIVE_SPENDER,3010.3,3945.58,41,73.42,437.98,93.32,0.3102,0.1647,0.2974,0.0981,0.1297,0.6542,84.27,9,35.6,6,69.72,14,100.45,8,64.66,4,Stressed,1.147,1.2177,1.0998,1.0883,0.9589,1,1,1,1,1,0,1,9.99,0.0,5.38,3.5,456,5.49
6,2024-10,IMPULSIVE_SPENDER,3137.39,3945.58,46,68.2,542.5,111.33,0.3253,0.1628,0.2945,0.0867,0.1307,0.1203,40.87,5,53.4,7,71.11,24,126.74,6,23.05,4,Stressed,1.2538,1.2552,1.1349,1.0026,1.0072,1,1,1,1,1,1,1,9.99,0.0,5.38,3.5,456,5.49
6,2024-11,IMPULSIVE_SPENDER,3177.09,3945.58,53,59.95,303.2,67.15,0.3212,0.16,0.3077,0.0973,0.1137,0.1419,50.62,13,39.0,8,65.65,19,99.36,7,44.02,6,Stressed,1.2537,1.2492,1.201,1.1389,0.8879,1,1,1,1,1,0,1,9.99,0.0,5.38,3.5,456,5.49
6,2024-12,IMPULSIVE_SPENDER,2884.0,3945.58,48,60.08,301.46,72.94,0.3541,0.1585,0.2411,0.0843,0.1621,0.2326,45.13,5,77.68,6,52.31,18,74.0,14,42.95,5,Neutral,1.2543,1.1229,0.8541,0.8956,1.1486,1,1,1,0,0,1,1,9.99,0.0,5.38,3.5,456,5.49
6,2025-01,IMPULSIVE_SPENDER,2840.04,3945.58,46,61.74,414.05,77.88,0.2644,0.1572,0.3329,0.1092,0.1363,0.4348,51.55,7,71.12,9,58.43,19,76.78,9,18.93,2,Stressed,0.9224,1.097,1.1613,1.1434,0.9509,1,0,1,1,1,0,1,9.99,0.0,5.38,3.5,456,5.49
7,2024-08,IMPULSIVE_SPENDER,5462.57,6319.96,30,182.09,1258.62,275.84,0.263,0.137,0.326,0.1047,0.1694,0.5851,436.19,4,44.09,2,208.29,15,46.86,7,88.58,2,Stressed,0.9568,0.9964,1.1859,1.1423,1.2322,1,0,0,1,1,1,3,31.97,0.0,144.28,0.0,350,5.26
7,2024-09,IMPULSIVE_SPENDER,5060.96,6319.96,36,140.58,715.63,167.02,0.3281,0.1324,0.3013,0.0959,0.1424,0.1728,387.47,3,346.81,1,141.36,18,51.3,9,109.12,5,Stressed,1.1057,0.8921,1.0155,0.9694,0.9598,1,1,0,1,0,0,3,31.97,0.0,144.28,0.0,350,5.26
7,2024-10,IMPULSIVE_SPENDER,5596.98,6319.96,31,180.55,775.03,182.19,0.2755,0.1679,0.3042,0.108,0.1444,0.442,397.43,3,111.08,6,158.39,10,227.04,8,84.5,4,Neutral,1.0269,1.2514,1.134,1.2077,1.0762,1,1,1,1,1,1,3,31.97,0.0,144.28,0.0,350,5.26
7,2024-11,IMPULSIVE_SPENDER,5213.07,6319.96,46,113.33,483.82,110.24,0.3087,0.1351,0.3385,0.0937,0.124,0.502,78.39,6,109.27,8,116.97,17,118.33,10,139.33,5,Stressed,1.0716,0.9379,1.1751,0.9763,0.861,1,1,0,1,0,0,3,31.97,0.0,144.28,0.0,350,5.26
7,2024-12,IMPULSIVE_SPENDER,5668.12,6319.96,31,182.84,1456.01,308.99,0.2463,0.1687,0.3389,0.1114,0.1347,0.1499,142.64,4,184.09,5,152.48,18,421.12,3,169.23,1,Stressed,0.9297,1.2732,1.2793,1.2617,1.017,1,0,1,1,1,1,3,31.97,0.0,144.28,0.0,350,5.26
7,2025-01,IMPULSIVE_SPENDER,6185.05,6319.96,36,171.81,627.09,179.17,0.3078,0.1266,0.312,0.1039,0.1498,0.1952,210.29,4,192.14,7,96.32,10,158.15,12,379.3,3,Neutral,1.2677,1.0427,1.285,1.2836,1.2339,1,1,1,1,1,1,3,31.97,0.0,144.28,0.0,350,5.26
8,2024-08,IMPULSIVE_SPENDER,851.3,1880.8,27,31.53,150.32,37.94,0.2931,0.1766,0.2843,0.0884,0.1576,0.7996,42.83,5,21.34,3,40.08,10,23.59,5,13.61,4,Stressed,1.0233,1.233,0.9926,0.9264,1.1006,1,1,1,0,0,1,1,9.99,0.0,-23.9,2.56,409,9.7
8,2024-09,IMPULSIVE_SPENDER,885.94,1880.8,20,44.3,197.93,52.44,0.3201,0.1523,0.246,0.1034,0.1783,0.5688,68.25,2,18.89,5,43.03,7,83.95,4,8.98,2,Neutral,1.1632,1.1065,0.8937,1.1269,1.2956,1,1,1,0,1,1,1,9.99,0.0,-23.9,2.56,409,9.7
8,2024-10,IMPULSIVE_SPENDER,941.15,1880.8,19,49.53,212.34,61.38,0.2806,0.1612,0.3066,0.1005,0.151,0.0663,26.9,4,13.93,2,70.0,7,50.91,4,56.02,2,Stressed,1.0833,1.2449,1.1834,1.1637,1.1661,1,1,1,1,1,1,1,9.99,0.0,-23.9,2.56,409,9.7
8,2024-11,IMPULSIVE_SPENDER,938.46,1880.8,25,37.54,122.05,36.68,0.2552,0.1577,0.3155,0.1074,0.1642,0.3525,29.8,5,68.27,3,27.21,13,57.74,4,0.0,0,Stressed,0.9821,1.2142,1.2145,1.2402,1.2637,1,0,1,1,1,1,1,9.99,0.0,-23.9,2.56,409,9.7
8,2024-12,IMPULSIVE_SPENDER,792.1,1880.8,25,31.68,112.36,36.05,0.3311,0.0,0.3722,0.1172,0.1795,0.65,32.36,5,12.29,1,30.95,9,11.02,3,43.76,7,Excited,1.0757,0.0,1.2092,1.1425,1.166,1,1,0,1,1,1,1,9.99,0.0,-23.9,2.56,409,9.7
8,2025-01,IMPULSIVE_SPENDER,740.82,1880.8,16,46.3,153.33,46.14,0.4116,0.0,0.3298,0.1118,0.1468,0.3788,55.8,4,9.24,3,61.6,4,50.26,2,47.67,3,Stressed,1.2505,0.0,1.0021,1.0191,0.8923,1,1,0,1,1,0,1,9.99,0.0,-23.9,2.56,409,9.7
9,2024-08,IMPULSIVE_SPENDER,2817.98,3919.27,38,74.16,392.93,87.43,0.2567,0.157,0.3243,0.0967,0.1653,0.3416,97.12,10,50.67,6,70.79,13,77.54,7,39.85,2,Happy,0.8662,1.0595,1.0942,0.9789,1.1159,1,0,1,1,0,1,1,9.99,0.0,16.07,0.0,350,6.2
9,2024-09,IMPULSIVE_SPENDER,2784.12,3919.27,43,64.75,457.42,96.14,0.26,0.183,0.3036,0.0907,0.1627,0.6578,48.04,9,42.22,5,86.46,12,75.03,13,31.96,4,Stressed,0.8668,1.2201,1.0121,0.9072,1.085,1,0,1,1,0,1,1,9.99,0.0,16.07,0.0,350,6.2
9,2024-10,IMPULSIVE_SPENDER,2702.72,3919.27,43,62.85,418.56,102.12,0.2926,0.1746,0.2745,0.0899,0.1683,0.1046,171.54,4,29.69,9,57.85,16,28.83,9,112.86,5,Stressed,0.9471,1.1303,0.8884,0.8733,1.0893,1,0,1,0,0,1,1,9.99,0.0,16.07,0.0,350,6.2
9,2024-11,IMPULSIVE_SPENDER,3234.18,3919.27,30,107.81,523.71,105.09,0.2935,0.1519,0.3329,0.0932,0.1285,0.9605,205.51,4,121.91,3,95.06,13,92.38,6,64.11,4,Stressed,1.1368,1.1767,1.2891,1.0823,0.9953,1,1,1,1,1,0,1,9.99,0.0,16.07,0.0,350,6.2
9,2024-12,IMPULSIVE_SPENDER,2763.95,3919.27,43,64.28,653.7,105.89,0.2936,0.1583,0.2675,0.0868,0.1938,0.1734,59.61,4,259.97,3,57.36,23,40.92,8,19.81,5,Stressed,0.9719,1.0475,0.8853,0.8614,1.2832,1,0,1,0,0,1,1,9.99,0.0,16.07,0.0,350,6.2
9,2025-01,IMPULSIVE_SPENDER,2836.25,3919.27,48,59.09,485.91,104.36,0.3425,0.1522,0.2732,0.0903,0.1417,0.2337,72.6,6,29.24,8,63.04,22,85.62,8,23.7,4,Stressed,1.1632,1.034,0.928,0.9204,0.9626,1,1,1,0,0,0,1,9.99,0.0,16.07,0.0,350,6.2
10,2024-08,IMPULSIVE_SPENDER,6115.1,6849.13,40,152.88,692.57,169.84,0.3134,0.1534,0.261,0.1141,0.1581,0.2963,120.12,5,172.16,6,138.13,14,148.42,6,184.14,9,Stressed,1.1716,1.1471,0.976,1.2797,1.1821,1,1,1,0,1,1,1,8.99,0.0,-37.17,0.0,304,7.52
10,2024-09,IMPULSIVE_SPENDER,5787.56,6849.13,40,144.69,1184.19,225.17,0.318,0.1468,0.2717,0.0952,0.1683,0.4467,184.91,5,77.0,3,188.12,16,77.76,10,140.76,6,Stressed,1.1253,1.0388,0.9615,1.0102,1.191,1,1,1,0,1,1,1,8.99,0.0,-37.17,0.0,304,7.52
10,2024-10,IMPULSIVE_SPENDER,5235.52,6849.13,36,145.43,1131.17,205.06,0.2819,0.136,0.2713,0.1286,0.1822,0.1668,161.64,3,115.58,5,188.66,19,79.18,6,37.67,3,Stressed,0.9022,0.8707,0.8683,1.235,1.1667,1,0,0,0,1,1,1,8.99,0.0,-37.17,0.0,304,7.52
10,2024-11,IMPULSIVE_SPENDER,5437.87,6849.13,31,175.42,594.5,151.71,0.2689,0.1611,0.3198,0.093,0.1572,0.3305,288.91,7,222.68,5,118.01,13,177.88,3,78.1,3,Happy,0.894,1.0712,1.0631,0.9279,1.0452,1,0,1,1,0,1,1,8.99,0.0,-37.17,0.0,304,7.52
10,2024-12,IMPULSIVE_SPENDER,5676.91,6849.13,44,129.02,788.97,169.48,0.3248,0.1636,0.2508,0.0978,0.163,0.1444,217.32,6,47.05,9,128.09,14,128.64,10,173.97,5,Stressed,1.1271,1.1358,0.8704,1.0186,1.1316,1,1,1,0,1,1,1,8.99,0.0,-37.17,0.0,304,7.52
10,2025-01,IMPULSIVE_SPENDER,5880.81,6849.13,59,99.67,706.99,137.56,0.3436,0.1594,0.2568,0.0817,0.1584,0.3722,53.39,5,53.29,6,95.87,30,55.87,7,184.28,11,Stressed,1.2354,1.1464,0.9233,0.8818,1.1391,1,1,1,0,0,1,1,8.99,0.0,-37.17,0.0,304,7.52
11,2024-08,CAUTIOUS_SAVER,2692.73,5625.4,38,70.86,266.35,62.68,0.3491,0.1159,0.1489,0.1814,0.2047,0.4747,52.49,10,34.42,3,0.0,0,82.99,20,80.95,5,Neutral,0.5464,0.635,0.5438,0.4971,0.5608,0,0,0,0,0,0,1,30.0,0.0,1.8,0.0,686,6.9
11,2024-09,CAUTIOUS_SAVER,2845.93,5625.4,40,71.15,462.78,97.94,0.3242,0.1097,0.1286,0.2211,0.2163,0.2662,49.23,7,136.87,7,0.0,0,46.06,22,132.45,4,Neutral,0.5364,0.6354,0.4965,0.6403,0.6263,0,0,0,0,0,0,1,30.0,0.0,1.8,0.0,686,6.9
11,2024-10,CAUTIOUS_SAVER,2202.45,5625.4,37,59.53,193.99,49.03,0.3259,0.0949,0.1354,0.189,0.2547,0.2642,53.13,11,82.18,4,0.0,0,56.58,19,71.41,3,Neutral,0.4173,0.4252,0.4045,0.4236,0.5708,0,0,0,0,0,0,1,30.0,0.0,1.8,0.0,686,6.9
11,2024-11,CAUTIOUS_SAVER,2480.47,5625.4,38,65.28,334.69,83.33,0.3327,0.1211,0.1206,0.2392,0.1864,0.6284,15.59,3,73.86,5,334.69,1,63.11,25,38.01,4,Neutral,0.4797,0.6112,0.4058,0.6036,0.4705,0,0,0,0,0,0,1,30.0,0.0,1.8,0.0,686,6.9
11,2024-12,CAUTIOUS_SAVER,2882.47,5625.4,49,58.83,220.1,50.16,0.3426,0.095,0.1584,0.1991,0.2049,0.3313,73.5,9,84.87,9,0.0,0,47.02,24,46.96,7,Neutral,0.5742,0.5572,0.6194,0.5838,0.6009,0,0,0,0,0,0,1,30.0,0.0,1.8,0.0,686,6.9
11,2025-01,CAUTIOUS_SAVER,2627.81,5625.4,40,65.7,340.16,64.57,0.2909,0.1099,0.1688,0.2422,0.1882,0.2033,42.95,12,40.21,3,125.32,2,72.76,21,106.61,2,Neutral,0.4444,0.5876,0.6017,0.6476,0.5032,0,0,0,0,0,0,1,30.0,0.0,1.8,0.0,686,6.9
12,2024-08,CAUTIOUS_SAVER,2109.6,4520.75,26,81.14,430.46,119.3,0.3612,0.0843,0.1648,0.2135,0.1762,0.5167,27.62,7,156.18,3,70.87,2,103.73,11,55.0,3,Neutral,0.5941,0.4852,0.6327,0.6146,0.5073,0,0,0,0,0,0,1,9.99,0.0,-23.48,0.98,661,6.86
12,2024-09,CAUTIOUS_SAVER,2085.04,4520.75,38,54.87,340.67,60.35,0.3621,0.0748,0.1649,0.185,0.2132,0.4441,47.93,9,3.58,3,71.69,1,71.36,20,28.8,5,Neutral,0.5886,0.4258,0.6257,0.5263,0.6066,0,0,0,0,0,0,1,9.99,0.0,-23.48,0.98,661,6.86
12,2024-10,CAUTIOUS_SAVER,1972.52,4520.75,20,98.63,759.75,164.81,0.4056,0.0924,0.1122,0.2327,0.1571,0.5787,70.03,2,268.79,3,108.33,4,53.89,11,0.0,0,Sad,0.6239,0.4973,0.4027,0.6263,0.4228,0,0,0,0,0,0,1,9.99,0.0,-23.48,0.98,661,6.86
12,2024-11,CAUTIOUS_SAVER,2134.06,4520.75,31,68.84,467.33,93.25,0.3831,0.1095,0.1399,0.1916,0.1759,1.0303,32.07,7,178.25,3,30.73,2,78.88,14,41.8,5,Neutral,0.6375,0.6377,0.5433,0.558,0.5121,0,0,0,0,0,0,1,9.99,0.0,-23.48,0.98,661,6.86
12,2024-12,CAUTIOUS_SAVER,2025.83,4520.75,46,44.04,199.79,46.3,0.3052,0.1028,0.1596,0.2163,0.2161,0.6693,40.88,12,18.7,4,0.0,0,49.14,25,46.39,5,Neutral,0.4822,0.5681,0.5883,0.5979,0.5974,0,0,0,0,0,0,1,9.99,0.0,-23.48,0.98,661,6.86
12,2025-01,CAUTIOUS_SAVER,1948.49,4520.75,35,55.67,306.7,59.02,0.3446,0.0779,0.1516,0.192,0.2339,0.3077,62.49,9,45.45,3,100.06,4,48.33,17,13.9,2,Neutral,0.5236,0.4144,0.5374,0.5104,0.6219,0,0,0,0,0,0,1,9.99,0.0,-23.48,0.98,661,6.86
13,2024-08,CAUTIOUS_SAVER,1875.51,5253.28,24,78.15,589.08,119.5,0.3141,0.0911,0.1851,0.2319,0.1778,0.2838,89.51,3,35.57,5,0.0,0,93.17,12,77.78,4,Neutral,0.4293,0.4357,0.5904,0.5546,0.4253,0,0,0,0,0,0,1,10.99,0.0,-87.9,0.0,785,5.11
13,2024-09,CAUTIOUS_SAVER,2091.17,5253.28,17,123.01,707.36,184.71,0.3775,0.0784,0.1703,0.2162,0.1576,0.8126,44.14,5,51.16,3,0.0,0,212.32,8,18.43,1,Neutral,0.5752,0.4182,0.6055,0.5766,0.4203,0,0,0,0,0,0,1,10.99,0.0,-87.9,0.0,785,5.11
13,2024-10,CAUTIOUS_SAVER,2343.05,5253.28,19,123.32,582.44,133.61,0.3787,0.0826,0.1237,0.2019,0.2131,1.5489,97.67,5,1.15,1,0.0,0,151.7,11,92.42,2,Neutral,0.6467,0.4936,0.4926,0.6032,0.6368,0,0,0,0,0,0,1,10.99,0.0,-87.9,0.0,785,5.11
13,2024-11,CAUTIOUS_SAVER,2137.81,5253.28,21,101.8,639.49,149.39,0.3777,0.0906,0.1158,0.218,0.1979,0.1141,59.5,5,28.82,2,33.84,1,141.97,11,93.57,2,Neutral,0.5883,0.4941,0.4209,0.5943,0.5396,0,0,0,0,0,0,1,10.99,0.0,-87.9,0.0,785,5.11
13,2024-12,CAUTIOUS_SAVER,2056.74,5253.28,24,85.7,325.98,78.35,0.4181,0.0816,0.1496,0.1536,0.1972,0.4704,169.1,6,57.12,3,0.0,0,56.91,11,61.19,4,Happy,0.6266,0.4278,0.5232,0.4029,0.5172,0,0,0,0,0,0,1,10.99,0.0,-87.9,0.0,785,5.11
13,2025-01,CAUTIOUS_SAVER,1321.9,5253.28,25,52.88,165.29,48.51,0.0,0.1275,0.191,0.3336,0.3479,0.4881,63.35,5,43.69,1,83.81,2,40.4,15,93.94,2,Neutral,0.0,0.4297,0.4294,0.5623,0.5865,0,0,0,0,0,0,1,10.99,0.0,-87.9,0.0,785,5.11
14,2024-08,CAUTIOUS_SAVER,888.99,2353.94,36,24.69,157.64,34.46,0.4011,0.0883,0.1265,0.2208,0.1632,0.1884,15.74,12,6.86,3,62.17,4,27.53,15,8.97,2,Neutral,0.6406,0.4938,0.4715,0.6171,0.456,0,0,0,0,0,0,2,19.98,0.0,2.02,0.0,717,5.79
14,2024-09,CAUTIOUS_SAVER,791.89,2353.94,51,15.53,161.19,23.1,0.2833,0.129,0.1238,0.2502,0.2137,0.7692,12.69,8,22.07,5,7.79,3,16.59,33,4.6,2,Neutral,0.403,0.6425,0.4108,0.6228,0.5319,0,0,0,0,0,0,2,19.98,0.0,2.02,0.0,717,5.79
14,2024-10,CAUTIOUS_SAVER,818.31,2353.94,53,15.44,43.0,11.83,0.2847,0.1047,0.1873,0.2063,0.217,0.7186,14.73,16,23.05,6,27.86,2,15.08,24,5.31,5,Neutral,0.4184,0.5385,0.6424,0.5308,0.5583,0,0,0,0,0,0,2,19.98,0.0,2.02,0.0,717,5.79
14,2024-11,CAUTIOUS_SAVER,834.89,2353.94,48,17.39,89.62,18.79,0.3425,0.1062,0.1563,0.2383,0.1568,0.6107,11.9,14,3.32,2,19.31,2,22.06,27,9.13,3,Neutral,0.5136,0.5576,0.5469,0.6253,0.4114,0,0,0,0,0,0,2,19.98,0.0,2.02,0.0,717,5.79
14,2024-12,CAUTIOUS_SAVER,902.75,2353.94,49,18.42,220.62,33.56,0.3932,0.1097,0.1361,0.1956,0.1654,0.0834,26.18,7,29.3,2,7.02,6,18.58,33,5.56,1,Neutral,0.6376,0.6227,0.5151,0.555,0.4693,0,0,0,0,0,0,2,19.98,0.0,2.02,0.0,717,5.79
14,2025-01,CAUTIOUS_SAVER,833.28,2353.94,42,19.84,115.35,20.96,0.3447,0.0932,0.1563,0.1601,0.2457,0.3703,26.53,7,11.55,5,19.85,3,15.35,24,53.97,3,Neutral,0.5159,0.4884,0.5459,0.4194,0.6436,0,0,0,0,0,0,2,19.98,0.0,2.02,0.0,717,5.79
15,2024-08,CAUTIOUS_SAVER,2838.78,6033.56,37,76.72,355.32,75.33,0.3584,0.0952,0.1276,0.2151,0.2036,1.2219,70.65,8,92.34,2,84.46,3,76.48,24,0.0,0,Neutral,0.5745,0.5341,0.4774,0.6035,0.5712,0,0,0,0,0,0,3,30.97,0.0,-1.29,0.0,701,6.61
15,2024-09,CAUTIOUS_SAVER,3050.41,6033.56,36,84.73,278.74,70.47,0.3644,0.1005,0.1586,0.1929,0.1836,0.2713,88.29,9,37.18,4,127.5,3,67.92,14,128.95,6,Neutral,0.6277,0.6057,0.6375,0.5814,0.5534,0,0,0,0,0,0,3,30.97,0.0,-1.29,0.0,701,6.61
15,2024-10,CAUTIOUS_SAVER,2657.03,6033.56,41,64.81,387.83,77.0,0.422,0.1174,0.1175,0.1549,0.1882,0.1814,73.49,13,31.1,6,56.24,2,70.73,17,66.76,3,Neutral,0.6332,0.6165,0.4113,0.4066,0.4941,0,0,0,0,0,0,3,30.97,0.0,-1.29,0.0,701,6.61
15,2024-11,CAUTIOUS_SAVER,2934.64,6033.56,34,86.31,355.25,77.08,0.3903,0.0755,0.1419,0.1708,0.2216,0.3941,58.12,8,50.78,5,89.0,2,119.46,15,61.48,4,Neutral,0.6468,0.4376,0.5485,0.4952,0.6425,0,0,0,0,0,0,3,30.97,0.0,-1.29,0.0,701,6.61
15,2024-12,CAUTIOUS_SAVER,2616.59,6033.56,30,87.22,478.68,110.75,0.4126,0.1,0.1461,0.1811,0.1602,0.3893,42.96,5,95.99,4,26.64,2,114.04,16,46.63,3,Neutral,0.6096,0.5172,0.5037,0.4684,0.4141,0,0,0,0,0,0,3,30.97,0.0,-1.29,0.0,701,6.61
15,2025-01,CAUTIOUS_SAVER,3034.54,6033.56,33,91.96,356.98,79.8,0.3521,0.1084,0.1624,0.1797,0.1975,0.1912,130.9,6,106.86,4,92.52,2,85.74,16,52.97,5,Neutral,0.6032,0.6499,0.6492,0.5389,0.5922,0,0,0,0,0,0,3,30.97,0.0,-1.29,0.0,701,6.61
16,2024-08,CAUTIOUS_SAVER,2254.89,5100.09,34,66.32,518.3,95.75,0.3886,0.0837,0.1394,0.1567,0.2315,0.3821,105.69,9,39.88,7,0.0,0,63.78,15,22.57,3,Neutral,0.6124,0.4618,0.5127,0.4323,0.6385,0,0,0,0,0,0,2,21.98,0.0,-17.51,0.0,672,8.2
16,2024-09,CAUTIOUS_SAVER,1976.83,5100.09,31,63.77,654.11,114.78,0.3309,0.1174,0.172,0.2025,0.1772,0.1197,36.05,11,35.25,4,41.15,3,111.4,11,45.18,2,Neutral,0.4572,0.5679,0.5545,0.4895,0.4284,0,0,0,0,0,0,2,21.98,0.0,-17.51,0.0,672,8.2
16,2024-10,CAUTIOUS_SAVER,2267.01,5100.09,34,66.68,758.43,132.6,0.3346,0.1069,0.1434,0.2211,0.194,0.137,26.94,6,55.91,5,33.92,2,88.09,19,42.14,2,Neutral,0.5301,0.5931,0.53,0.6131,0.538,0,0,0,0,0,0,2,21.98,0.0,-17.51,0.0,672,8.2
16,2024-11,CAUTIOUS_SAVER,2170.82,5100.09,31,70.03,307.28,71.08,0.4081,0.0943,0.1225,0.1534,0.2218,0.2491,40.22,7,61.75,3,36.39,3,96.13,16,28.42,2,Neutral,0.6192,0.5009,0.4335,0.4072,0.5888,0,0,0,0,0,0,2,21.98,0.0,-17.51,0.0,672,8.2
16,2024-12,CAUTIOUS_SAVER,2004.32,5100.09,49,40.9,214.48,45.31,0.4112,0.0924,0.1328,0.1646,0.1989,0.3783,45.99,7,25.78,5,0.0,0,45.55,30,26.69,7,Neutral,0.576,0.4532,0.4341,0.4036,0.4876,0,0,0,0,0,0,2,21.98,0.0,-17.51,0.0,672,8.2
16,2025-01,CAUTIOUS_SAVER,2135.06,5100.09,33,64.7,311.64,68.55,0.3338,0.0975,0.1798,0.1865,0.2024,0.2996,85.62,7,59.37,7,90.69,3,58.2,14,16.64,2,Neutral,0.4981,0.5094,0.626,0.4871,0.5285,0,0,0,0,0,0,2,21.98,0.0,-17.51,0.0,672,8.2
17,2024-08,CAUTIOUS_SAVER,802.94,2597.8,23,34.91,193.07,47.93,0.3251,0.1034,0.1718,0.2372,0.1625,0.2264,16.93,4,70.59,4,6.67,2,20.62,9,63.5,4,Sad,0.4991,0.5555,0.6156,0.6374,0.4368,0,0,0,0,0,0,2,39.99,0.0,-24.29,2.35,772,5.85
17,2024-09,CAUTIOUS_SAVER,807.36,2597.8,18,44.85,155.4,47.5,0.3388,0.086,0.1429,0.2387,0.1936,0.5257,15.61,2,102.46,2,11.16,1,46.47,11,24.42,2,Neutral,0.523,0.4646,0.5148,0.645,0.5232,0,0,0,0,0,0,2,39.99,0.0,-24.29,2.35,772,5.85
17,2024-10,CAUTIOUS_SAVER,712.88,2597.8,23,30.99,180.01,39.26,0.4096,0.0964,0.1317,0.1812,0.1811,0.2248,57.83,4,26.7,2,14.91,3,27.39,14,0.0,0,Neutral,0.5584,0.4601,0.419,0.4322,0.432,0,0,0,0,0,0,2,39.99,0.0,-24.29,2.35,772,5.85
17,2024-11,CAUTIOUS_SAVER,742.73,2597.8,22,33.76,140.42,34.75,0.3061,0.1127,0.1344,0.1957,0.2511,0.9215,49.53,6,8.39,2,63.8,1,30.23,12,2.18,1,Neutral,0.4347,0.5603,0.4454,0.4864,0.6242,0,0,0,0,0,0,2,39.99,0.0,-24.29,2.35,772,5.85
17,2024-12,CAUTIOUS_SAVER,717.79,2597.8,20,35.89,119.53,30.36,0.413,0.0922,0.1399,0.1708,0.1841,0.1834,20.44,6,25.16,3,0.0,0,54.88,8,26.86,3,Neutral,0.5669,0.4431,0.448,0.4102,0.4422,0,0,0,0,0,0,2,39.99,0.0,-24.29,2.35,772,5.85
17,2025-01,CAUTIOUS_SAVER,680.69,2597.8,18,37.82,212.56,49.81,0.3413,0.0927,0.1416,0.2262,0.1982,1.1763,23.9,8,6.8,1,64.36,2,26.89,4,82.13,3,Excited,0.4442,0.4223,0.4301,0.5152,0.4516,0,0,0,0,0,0,2,39.99,0.0,-24.29,2.35,772,5.85
18,2024-08,CAUTIOUS_SAVER,1662.43,3892.83,21,79.16,268.22,71.16,0.3446,0.1072,0.1151,0.2246,0.2086,0.1878,64.26,8,117.2,1,0.0,0,68.33,10,173.91,2,Neutral,0.5259,0.5726,0.4098,0.5999,0.557,0,0,0,0,0,0,2,20.98,0.0,-43.07,0.0,758,7.52
18,2024-09,CAUTIOUS_SAVER,1730.14,3892.83,29,59.66,183.5,49.8,0.3893,0.1134,0.112,0.1688,0.2164,0.4937,49.41,5,74.3,6,0.0,0,56.74,17,72.7,1,Neutral,0.6184,0.6302,0.4152,0.4692,0.6015,0,0,0,0,0,0,2,20.98,0.0,-43.07,0.0,758,7.52
18,2024-10,CAUTIOUS_SAVER,1526.31,3892.83,28,54.51,187.82,49.34,0.3184,0.0922,0.1507,0.2125,0.2262,0.3585,72.28,5,13.01,3,71.53,1,52.06,15,68.36,4,Neutral,0.4461,0.4523,0.4926,0.5211,0.5545,0,0,0,0,0,0,2,20.98,0.0,-43.07,0.0,758,7.52
18,2024-11,CAUTIOUS_SAVER,1583.62,3892.83,18,87.98,324.36,80.64,0.3547,0.1153,0.1206,0.182,0.2273,0.2027,75.46,7,129.01,3,152.27,1,71.98,5,78.12,2,Happy,0.5156,0.5869,0.4092,0.4631,0.5783,0,0,0,0,0,0,2,20.98,0.0,-43.07,0.0,758,7.52
18,2024-12,CAUTIOUS_SAVER,1591.0,3892.83,26,61.19,433.93,85.28,0.3615,0.1043,0.1254,0.2003,0.2086,0.341,17.49,6,42.4,5,110.22,2,81.05,13,0.0,0,Neutral,0.5279,0.533,0.4275,0.5118,0.5332,0,0,0,0,0,0,2,20.98,0.0,-43.07,0.0,758,7.52
18,2025-01,CAUTIOUS_SAVER,1432.99,3892.83,31,46.23,173.34,50.34,0.3552,0.1074,0.132,0.2087,0.1967,0.2968,48.1,6,46.99,7,81.2,3,38.12,15,0.0,0,Neutral,0.4673,0.4943,0.405,0.4805,0.4528,0,0,0,0,0,0,2,20.98,0.0,-43.07,0.0,758,7.52
19,2024-08,CAUTIOUS_SAVER,1919.38,4930.83,41,46.81,384.74,61.85,0.2848,0.1178,0.1557,0.2157,0.2261,1.3786,68.58,8,18.14,2,40.1,2,42.94,24,44.72,5,Neutral,0.4299,0.6227,0.5484,0.5698,0.5973,0,0,0,0,0,0,1,7.99,0.0,-7.05,0.0,799,5.16
19,2024-09,CAUTIOUS_SAVER,1823.05,4930.83,44,41.43,280.63,49.62,0.2941,0.1065,0.1634,0.2337,0.2024,0.7553,28.91,14,31.71,4,68.8,2,36.31,21,130.45,3,Neutral,0.4217,0.5343,0.5467,0.5864,0.5079,0,0,0,0,0,0,1,7.99,0.0,-7.05,0.0,799,5.16
19,2024-10,CAUTIOUS_SAVER,1832.43,4930.83,29,63.19,276.88,63.67,0.3267,0.0973,0.167,0.2152,0.1939,0.1737,118.06,6,0.0,0,19.93,2,50.72,16,54.53,5,Neutral,0.4709,0.4908,0.5615,0.5427,0.489,0,0,0,0,0,0,1,7.99,0.0,-7.05,0.0,799,5.16
19,2024-11,CAUTIOUS_SAVER,1753.31,4930.83,47,37.3,192.42,41.11,0.3998,0.0952,0.1322,0.1816,0.1912,0.4537,36.28,20,34.06,1,21.0,2,39.65,24,0.0,0,Neutral,0.5514,0.4593,0.4255,0.4382,0.4615,0,0,0,0,0,0,1,7.99,0.0,-7.05,0.0,799,5.16
19,2024-12,CAUTIOUS_SAVER,1739.16,4930.83,42,41.41,142.81,34.58,0.3265,0.0984,0.1389,0.2607,0.1755,0.2275,29.65,4,40.24,7,32.33,1,46.92,25,26.73,5,Neutral,0.4466,0.4713,0.4434,0.6242,0.4201,0,0,0,0,0,0,1,7.99,0.0,-7.05,0.0,799,5.16
19,2025-01,CAUTIOUS_SAVER,1936.17,4930.83,52,37.23,100.01,25.19,0.33,0.1211,0.1204,0.1874,0.241,0.3831,36.5,14,23.93,7,62.98,2,38.34,23,41.66,6,Neutral,0.5026,0.6456,0.428,0.4995,0.6424,0,0,0,0,0,0,1,7.99,0.0,-7.05,0.0,799,5.16
20,2024-08,CAUTIOUS_SAVER,1886.37,4387.35,31,60.85,312.69,80.41,0.3748,0.0823,0.1177,0.201,0.2241,0.1791,33.77,5,13.1,4,180.58,2,66.47,17,57.97,3,Neutral,0.6043,0.4645,0.4427,0.5672,0.6323,0,0,0,0,0,0,1,10.99,0.0,-22.94,0.0,776,6.64
20,2024-09,CAUTIOUS_SAVER,1709.71,4387.35,27,63.32,262.79,69.45,0.3716,0.0919,0.1737,0.1747,0.1881,0.1883,63.45,8,47.59,3,170.27,1,64.93,13,22.54,2,Neutral,0.5429,0.47,0.5924,0.4468,0.4809,0,0,0,0,0,0,1,10.99,0.0,-22.94,0.0,776,6.64
20,2024-10,CAUTIOUS_SAVER,1670.71,4387.35,35,47.73,224.55,55.48,0.369,0.0922,0.1287,0.2212,0.189,0.7043,71.74,5,91.89,4,0.0,0,33.59,25,104.58,1,Neutral,0.5269,0.4606,0.4287,0.5527,0.4721,0,0,0,0,0,0,1,10.99,0.0,-22.94,0.0,776,6.64
20,2024-11,CAUTIOUS_SAVER,1230.62,4387.35,19,64.77,170.36,50.49,0.417,0.1413,0.2173,0.0,0.2244,0.1291,46.51,4,88.74,2,77.43,1,63.42,11,92.06,1,Neutral,0.4386,0.5203,0.5332,0.0,0.413,0,0,0,0,0,0,1,10.99,0.0,-22.94,0.0,776,6.64
20,2024-12,CAUTIOUS_SAVER,1695.23,4387.35,34,49.86,174.77,47.71,0.2993,0.082,0.1915,0.1896,0.2376,0.211,27.68,6,46.39,5,56.14,5,49.51,17,174.77,1,Neutral,0.4336,0.4158,0.6475,0.4806,0.6025,0,0,0,0,0,0,1,10.99,0.0,-22.94,0.0,776,6.64
20,2025-01,CAUTIOUS_SAVER,1822.48,4387.35,27,67.5,471.46,103.58,0.3662,0.1082,0.151,0.19,0.1845,0.4991,14.27,3,34.0,4,79.71,1,89.67,16,43.08,3,Neutral,0.5704,0.5901,0.5489,0.5179,0.5029,0,0,0,0,0,0,1,10.99,0.0,-22.94,0.0,776,6.64
21,2024-08,WEEKEND_SPLURGER,492.16,1602.06,29,16.97,87.19,19.36,0.2617,0.2016,0.3182,0.0732,0.1454,0.9058,5.54,5,6.43,4,47.08,3,11.71,6,20.66,11,Excited,1.0718,1.0321,1.086,0.7499,0.9924,1,1,1,1,0,0,3,50.98,0.0,-3.91,3.47,547,3.86
21,2024-09,WEEKEND_SPLURGER,425.76,1602.06,22,19.35,92.82,19.8,0.218,0.164,0.3375,0.1049,0.1755,0.4434,19.11,6,28.63,1,31.58,2,11.73,5,20.08,8,Excited,0.7725,0.7266,0.9965,0.9297,1.0368,1,0,0,0,0,1,3,50.98,0.0,-3.91,3.47,547,3.86
21,2024-10,WEEKEND_SPLURGER,418.52,1602.06,30,13.95,40.33,9.94,0.2923,0.1793,0.2637,0.088,0.1767,0.5207,11.79,6,20.18,1,16.56,4,9.84,4,14.8,15,Excited,1.0181,0.7807,0.7655,0.7659,1.0259,1,1,0,0,0,1,3,50.98,0.0,-3.91,3.47,547,3.86
21,2024-11,WEEKEND_SPLURGER,457.05,1602.06,28,16.32,81.08,17.14,0.239,0.1774,0.3316,0.0901,0.1619,0.1722,13.56,7,33.51,1,6.86,1,11.01,11,25.08,8,Excited,0.9092,0.8435,1.051,0.8568,1.0266,1,0,0,1,0,1,3,50.98,0.0,-3.91,3.47,547,3.86
21,2024-12,WEEKEND_SPLURGER,418.56,1602.06,31,13.5,48.01,12.03,0.2442,0.2032,0.2827,0.1147,0.1552,0.4898,18.57,13,10.71,4,5.58,4,8.36,1,11.52,9,Happy,0.8508,0.8849,0.8205,0.999,0.9011,0,0,0,0,0,0,3,50.98,0.0,-3.91,3.47,547,3.86
21,2025-01,WEEKEND_SPLURGER,461.42,1602.06,33,13.98,76.95,17.34,0.276,0.1778,0.2867,0.1107,0.1489,1.5776,12.48,11,8.2,2,13.81,4,15.32,4,15.94,12,Excited,1.0598,0.8535,0.9174,1.0624,0.953,1,1,0,0,1,0,3,50.98,0.0,-3.91,3.47,547,3.86
22,2024-08,WEEKEND_SPLURGER,368.55,1306.19,44,8.38,36.52,8.96,0.286,0.2023,0.266,0.0804,0.1654,0.5211,12.43,9,12.64,4,4.53,3,9.4,8,5.86,20,Excited,1.0761,0.9511,0.834,0.7558,1.0367,1,1,0,0,0,1,2,18.98,0.0,-5.43,1.74,599,2.99
22,2024-09,WEEKEND_SPLURGER,370.68,1306.19,41,9.04,23.55,6.7,0.2413,0.2236,0.3221,0.0804,0.1326,0.3198,7.77,14,8.29,7,14.92,2,5.84,6,11.58,12,Excited,0.9132,1.0574,1.0156,0.7607,0.8362,1,0,1,1,0,0,2,18.98,0.0,-5.43,1.74,599,2.99
22,2024-10,WEEKEND_SPLURGER,364.36,1306.19,48,7.59,50.72,8.8,0.2682,0.1535,0.2994,0.1081,0.1708,0.6239,7.53,13,6.24,5,3.54,7,13.57,7,7.22,16,Excited,0.9976,0.7135,0.928,1.0048,1.059,1,0,0,0,1,1,2,18.98,0.0,-5.43,1.74,599,2.99
22,2024-11,WEEKEND_SPLURGER,361.95,1306.19,55,6.58,28.29,5.62,0.2789,0.1611,0.3374,0.0816,0.141,0.9019,6.48,9,5.1,7,3.71,8,6.64,10,8.18,21,Excited,1.0306,0.7442,1.0387,0.7538,0.868,1,1,0,1,0,0,2,18.98,0.0,-5.43,1.74,599,2.99
22,2024-12,WEEKEND_SPLURGER,348.16,1306.19,51,6.83,59.54,9.6,0.2138,0.1792,0.3339,0.1112,0.1619,0.4511,4.87,21,3.68,5,13.33,3,7.12,10,9.69,12,Excited,0.7599,0.7961,0.9889,0.9883,0.9587,0,0,0,0,0,0,2,18.98,0.0,-5.43,1.74,599,2.99
22,2025-01,WEEKEND_SPLURGER,344.51,1306.19,54,6.38,54.63,7.69,0.2608,0.1823,0.2875,0.0879,0.1814,0.7664,7.49,17,4.74,8,3.76,4,10.65,12,2.8,13,Neutral,0.9172,0.8015,0.8426,0.7729,1.0633,1,0,0,0,0,1,2,18.98,0.0,-5.43,1.74,599,2.99
23,2024-08,WEEKEND_SPLURGER,3838.71,5183.91,37,103.75,359.24,98.2,0.2308,0.1899,0.3473,0.0817,0.1504,0.8883,111.61,5,131.57,4,113.57,4,109.21,7,90.33,17,Excited,0.8603,0.8848,1.0789,0.7613,0.9345,1,0,0,1,0,0,3,34.97,0.0,-49.72,0.0,417,0.84
23,2024-09,WEEKEND_SPLURGER,3865.16,5183.91,22,175.69,609.97,180.68,0.2516,0.1507,0.3353,0.1143,0.148,0.7454,113.24,4,57.0,1,141.38,3,178.84,4,221.57,10,Excited,0.9446,0.7073,1.0489,1.0729,0.9261,1,0,0,1,1,0,3,34.97,0.0,-49.72,0.0,417,0.84
23,2024-10,WEEKEND_SPLURGER,3816.3,5183.91,24,159.01,691.89,172.7,0.2884,0.2122,0.2464,0.1004,0.1526,0.5789,81.54,3,91.28,3,69.64,2,227.37,8,167.45,8,Neutral,1.069,0.9829,0.761,0.9305,0.9427,1,1,0,0,0,0,3,34.97,0.0,-49.72,0.0,417,0.84
23,2024-11,WEEKEND_SPLURGER,4053.94,5183.91,24,168.91,884.48,217.89,0.2526,0.2182,0.3262,0.0894,0.1136,0.4048,34.07,5,4.09,1,280.18,4,232.41,7,161.7,7,Neutral,0.9946,1.0737,1.0702,0.8803,0.7453,1,0,1,1,0,0,3,34.97,0.0,-49.72,0.0,417,0.84
23,2024-12,WEEKEND_SPLURGER,3996.3,5183.91,23,173.75,617.69,150.14,0.2668,0.1546,0.3303,0.108,0.1403,0.0298,144.41,4,133.92,1,135.48,2,127.11,8,249.62,8,Excited,1.0356,0.7499,1.0683,1.048,0.9075,1,1,0,1,1,0,3,34.97,0.0,-49.72,0.0,417,0.84
23,2025-01,WEEKEND_SPLURGER,3364.49,5183.91,34,98.96,341.73,77.53,0.2631,0.1767,0.3063,0.125,0.1289,0.6039,63.75,9,86.95,5,341.73,1,62.14,7,131.6,12,Excited,0.8596,0.7219,0.8341,1.0211,0.7018,1,0,0,0,1,0,3,34.97,0.0,-49.72,0.0,417,0.84
24,2024-08,WEEKEND_SPLURGER,5146.23,6700.53,42,122.53,515.06,110.84,0.2315,0.1972,0.3453,0.0904,0.1356,0.5424,91.71,13,6.79,1,140.69,6,107.24,7,156.82,15,Excited,0.8593,0.915,1.0679,0.8385,0.8388,1,0,0,1,0,0,3,48.98,0.0,-73.06,0.0,675,5.95
24,2024-09,WEEKEND_SPLURGER,4623.96,6700.53,46,100.52,876.14,152.46,0.2642,0.1895,0.317,0.0907,0.1386,0.6987,147.52,15,7.04,2,54.6,6,28.77,7,116.75,16,Happy,0.8809,0.7898,0.881,0.7563,0.7706,0,0,0,0,0,0,3,48.98,0.0,-73.06,0.0,675,5.95
24,2024-10,WEEKEND_SPLURGER,5101.09,6700.53,21,242.91,629.1,169.28,0.2358,0.2318,0.2756,0.1014,0.1554,0.287,250.44,2,208.26,1,103.54,3,392.81,6,191.61,9,Neutral,0.8676,1.0659,0.845,0.9322,0.9529,1,0,1,0,0,0,3,48.98,0.0,-73.06,0.0,675,5.95
24,2024-11,WEEKEND_SPLURGER,5140.08,6700.53,30,171.34,821.29,190.31,0.2604,0.1664,0.351,0.0819,0.1401,0.3573,65.17,5,276.98,1,175.68,7,168.14,5,205.57,12,Excited,0.9654,0.7712,1.0844,0.7595,0.8659,1,0,0,1,0,0,3,48.98,0.0,-73.06,0.0,675,5.95
24,2024-12,WEEKEND_SPLURGER,4688.48,6700.53,29,161.67,629.59,160.85,0.3249,0.2131,0.3329,0.0,0.129,0.046,239.06,4,151.28,5,88.36,2,243.35,7,99.61,11,Neutral,1.0988,0.9009,0.9382,0.0,0.7268,1,1,0,0,0,0,3,48.98,0.0,-73.06,0.0,675,5.95
24,2025-01,WEEKEND_SPLURGER,4588.33,6700.53,35,131.1,523.09,130.43,0.2369,0.2561,0.2836,0.0938,0.1296,1.4297,125.57,7,158.14,2,61.86,4,141.67,7,143.59,15,Excited,0.784,1.0592,0.7821,0.7763,0.7146,1,0,1,0,0,0,3,48.98,0.0,-73.06,0.0,675,5.95
25,2024-08,WEEKEND_SPLURGER,771.37,1813.62,27,28.57,123.89,29.22,0.2559,0.1606,0.3351,0.0974,0.1509,0.501,27.8,13,0.0,0,10.57,1,14.91,6,44.29,7,Happy,0.9259,0.7263,1.0103,0.8813,0.9098,1,0,0,1,0,0,3,26.97,0.0,-1.34,0.0,728,7.84
25,2024-09,WEEKEND_SPLURGER,735.58,1813.62,23,31.98,183.43,44.73,0.2494,0.2142,0.2651,0.0896,0.1817,0.8126,43.82,4,183.43,1,35.04,3,9.24,6,24.03,9,Excited,0.8603,0.9238,0.7621,0.7728,1.0447,1,0,0,0,0,1,3,26.97,0.0,-1.34,0.0,728,7.84
25,2024-10,WEEKEND_SPLURGER,728.48,1813.62,25,29.14,137.88,38.24,0.2486,0.1893,0.3363,0.1011,0.1247,0.1465,22.17,7,25.56,4,50.92,1,12.2,4,41.26,9,Excited,0.8493,0.8083,0.9576,0.8634,0.7102,0,0,0,0,0,0,3,26.97,0.0,-1.34,0.0,728,7.84
25,2024-11,WEEKEND_SPLURGER,725.21,1813.62,33,21.98,117.96,23.97,0.29,0.2266,0.2508,0.0928,0.1398,1.1283,16.58,12,3.59,2,13.96,2,27.34,9,30.64,8,Neutral,0.9864,0.9635,0.7109,0.7888,0.7924,0,0,0,0,0,0,3,26.97,0.0,-1.34,0.0,728,7.84
25,2024-12,WEEKEND_SPLURGER,727.16,1813.62,32,22.72,72.57,17.25,0.2076,0.174,0.3589,0.0905,0.1691,1.4254,22.29,8,27.68,6,15.73,6,23.48,2,24.14,10,Excited,0.7079,0.7416,1.02,0.7714,0.961,1,0,0,1,0,0,3,26.97,0.0,-1.34,0.0,728,7.84
25,2025-01,WEEKEND_SPLURGER,767.71,1813.62,29,26.47,83.54,22.31,0.2055,0.1772,0.3296,0.1158,0.172,0.7364,33.93,11,35.86,3,0.5,1,23.86,2,19.89,12,Happy,0.7398,0.7973,0.989,1.0422,1.032,1,0,0,0,1,1,3,26.97,0.0,-1.34,0.0,728,7.84
26,2024-08,WEEKEND_SPLURGER,3078.46,4864.71,37,83.2,404.52,90.55,0.2828,0.1829,0.2868,0.1238,0.1237,0.3369,112.12,6,17.49,3,55.62,5,95.18,11,85.68,12,Neutral,0.9672,0.782,0.8173,1.0585,0.7052,1,0,0,0,1,0,3,33.97,0.0,43.9,0.0,320,6.06
26,2024-09,WEEKEND_SPLURGER,2856.2,4864.71,49,58.29,347.05,62.88,0.2468,0.1792,0.2922,0.1176,0.1642,1.1509,44.81,10,51.0,5,27.34,3,55.2,8,70.85,23,Excited,0.7831,0.7106,0.7726,0.9332,0.8686,0,0,0,0,0,0,3,33.97,0.0,43.9,0.0,320,6.06
26,2024-10,WEEKEND_SPLURGER,3207.39,4864.71,45,71.28,499.39,90.61,0.2882,0.1879,0.2707,0.0956,0.1576,0.6623,52.74,11,61.81,4,63.95,7,118.23,9,62.02,14,Neutral,1.027,0.8367,0.8038,0.8519,0.9361,1,1,0,0,0,0,3,33.97,0.0,43.9,0.0,320,6.06
26,2024-11,WEEKEND_SPLURGER,3227.86,4864.71,45,71.73,312.51,62.25,0.2648,0.1927,0.3081,0.0975,0.1368,0.8775,68.98,10,36.52,6,76.45,3,51.65,10,98.32,16,Excited,0.9497,0.8638,0.9208,0.8744,0.8178,0,0,0,0,0,0,3,33.97,0.0,43.9,0.0,320,6.06
26,2024-12,WEEKEND_SPLURGER,3474.26,4864.71,41,84.74,461.85,80.4,0.2605,0.1567,0.3256,0.0927,0.1644,0.5454,92.82,12,49.02,3,60.35,7,105.96,13,68.9,6,Neutral,1.0054,0.756,1.0474,0.895,1.0578,1,1,0,1,0,1,3,33.97,0.0,43.9,0.0,320,6.06
26,2025-01,WEEKEND_SPLURGER,3010.8,4864.71,41,73.43,272.41,64.93,0.2601,0.1696,0.2897,0.1096,0.171,0.6036,56.3,9,78.48,6,81.43,3,72.58,13,84.53,10,Neutral,0.8701,0.709,0.8075,0.9166,0.9534,0,0,0,0,0,0,3,33.97,0.0,43.9,0.0,320,6.06
27,2024-08,WEEKEND_SPLURGER,1626.77,2934.89,56,29.05,157.98,31.06,0.2031,0.2223,0.3527,0.0979,0.124,0.7016,21.57,12,8.53,2,59.87,4,22.82,18,35.04,20,Excited,0.7557,1.034,1.0938,0.9103,0.7687,1,0,1,1,0,0,1,9.99,0.0,-21.14,0.0,684,3.46
27,2024-09,WEEKEND_SPLURGER,1449.12,2934.89,55,26.35,158.14,26.08,0.2134,0.2572,0.2705,0.1123,0.1466,0.8228,40.28,8,17.19,2,17.81,7,25.04,15,25.75,23,Excited,0.7073,1.0658,0.7471,0.9306,0.8096,1,0,1,0,0,0,1,9.99,0.0,-21.14,0.0,684,3.46
27,2024-10,WEEKEND_SPLURGER,1512.82,2934.89,42,36.02,199.52,37.95,0.2776,0.2386,0.2714,0.0814,0.131,0.5938,35.34,8,42.15,2,27.83,6,30.22,12,44.01,14,Excited,0.9606,1.0319,0.7825,0.7044,0.7555,1,0,1,0,0,0,1,9.99,0.0,-21.14,0.0,684,3.46
27,2024-11,WEEKEND_SPLURGER,1651.53,2934.89,43,38.41,177.06,38.77,0.2778,0.1989,0.2987,0.1023,0.1223,0.4825,34.44,12,32.46,5,53.03,9,43.76,9,25.6,8,Stressed,1.0495,0.939,0.9402,0.966,0.7701,1,1,0,0,0,0,1,9.99,0.0,-21.14,0.0,684,3.46
27,2024-12,WEEKEND_SPLURGER,1480.68,2934.89,53,27.94,99.69,22.36,0.2562,0.2016,0.3216,0.0849,0.1358,0.4881,29.12,13,15.19,4,15.58,10,41.64,9,30.05,17,Excited,0.8675,0.8533,0.9076,0.7188,0.7665,0,0,0,0,0,0,1,9.99,0.0,-21.14,0.0,684,3.46
27,2025-01,WEEKEND_SPLURGER,1432.13,2934.89,46,31.13,135.31,30.96,0.2238,0.2299,0.2924,0.1045,0.1494,0.4988,23.75,11,24.87,7,50.1,5,38.27,10,27.97,13,Neutral,0.7331,0.9413,0.7982,0.8557,0.8157,0,0,0,0,0,0,1,9.99,0.0,-21.14,0.0,684,3.46
28,2024-08,WEEKEND_SPLURGER,301.07,1087.92,31,9.71,38.31,8.2,0.2676,0.1775,0.3013,0.0965,0.157,0.7077,11.2,8,10.02,4,10.44,4,10.3,7,7.19,8,Happy,0.9876,0.8188,0.9265,0.8903,0.9655,0,0,0,0,0,0,3,28.97,0.0,3.65,0.0,538,7.48
28,2024-09,WEEKEND_SPLURGER,274.28,1087.92,18,15.24,81.02,17.5,0.2954,0.1871,0.2543,0.0958,0.1674,0.5698,10.71,7,1.64,1,2.01,1,52.64,2,12.91,7,Neutral,0.993,0.786,0.7124,0.8051,0.9379,0,0,0,0,0,0,3,28.97,0.0,3.65,0.0,538,7.48
28,2024-10,WEEKEND_SPLURGER,285.72,1087.92,39,7.33,27.54,6.48,0.2566,0.2144,0.2858,0.116,0.1273,0.9498,7.58,12,8.18,5,8.69,6,3.12,6,8.3,10,Happy,0.8985,0.9386,0.8339,1.015,0.7426,1,0,0,0,1,0,3,28.97,0.0,3.65,0.0,538,7.48
28,2024-11,WEEKEND_SPLURGER,302.67,1087.92,32,9.46,35.32,9.45,0.2673,0.1937,0.3155,0.0942,0.1293,0.3705,14.36,7,4.06,3,3.1,2,8.15,6,9.64,14,Excited,0.9914,0.8983,0.9753,0.8738,0.7992,0,0,0,0,0,0,3,28.97,0.0,3.65,0.0,538,7.48
28,2024-12,WEEKEND_SPLURGER,298.55,1087.92,44,6.79,23.71,5.45,0.2787,0.2139,0.2666,0.1024,0.1385,0.5318,5.06,11,4.92,5,6.33,4,10.72,10,6.13,14,Neutral,1.0199,0.9781,0.8128,0.9363,0.8446,1,1,0,0,0,0,3,28.97,0.0,3.65,0.0,538,7.48
28,2025-01,WEEKEND_SPLURGER,308.66,1087.92,33,9.35,40.11,8.12,0.2821,0.1596,0.3426,0.0929,0.1228,0.1457,12.31,7,16.26,4,6.08,3,6.36,6,7.77,13,Excited,1.067,0.7547,1.0802,0.8781,0.7743,1,1,0,1,0,0,3,28.97,0.0,3.65,0.0,538,7.48
29,2024-08,WEEKEND_SPLURGER,1043.37,1973.37,37,28.2,101.3,28.92,0.2596,0.1965,0.3036,0.0954,0.145,0.4926,45.83,8,4.24,5,77.88,1,7.17,5,30.1,18,Excited,1.0492,0.9929,1.0226,0.9636,0.9769,1,1,0,1,0,0,2,42.99,0.0,-27.29,0.0,506,2.72
29,2024-09,WEEKEND_SPLURGER,916.23,1973.37,42,21.82,112.86,23.55,0.2253,0.2019,0.2665,0.1234,0.1828,0.6749,27.85,10,44.81,3,8.43,5,18.89,10,19.45,14,Happy,0.7999,0.8957,0.7885,1.0951,1.0816,1,0,0,0,1,1,2,42.99,0.0,-27.29,0.0,506,2.72
29,2024-10,WEEKEND_SPLURGER,974.8,1973.37,44,22.15,112.53,20.82,0.2601,0.2267,0.2454,0.0982,0.1696,0.4642,17.03,13,21.11,5,33.6,5,21.89,8,23.44,13,Excited,0.9822,1.0701,0.7723,0.9272,1.0678,1,0,1,0,0,1,2,42.99,0.0,-27.29,0.0,506,2.72
29,2024-11,WEEKEND_SPLURGER,1032.5,1973.37,46,22.45,80.82,18.46,0.2447,0.1638,0.3209,0.1089,0.1617,0.872,19.6,10,30.45,3,31.11,4,22.93,12,20.32,17,Excited,0.979,0.8189,1.0698,1.0885,1.0781,1,0,0,1,1,1,2,42.99,0.0,-27.29,0.0,506,2.72
29,2024-12,WEEKEND_SPLURGER,957.56,1973.37,31,30.89,214.3,43.68,0.2816,0.2238,0.2677,0.1112,0.1156,0.4783,17.41,5,16.26,5,44.92,5,35.42,6,35.21,10,Excited,1.0448,1.0378,0.8276,1.0317,0.7149,1,1,1,0,1,0,2,42.99,0.0,-27.29,0.0,506,2.72
29,2025-01,WEEKEND_SPLURGER,815.99,1973.37,47,17.36,72.27,15.08,0.2505,0.1893,0.2777,0.1238,0.1586,0.6194,16.03,13,26.27,6,12.42,4,15.96,6,16.92,18,Excited,0.792,0.7482,0.7315,0.9786,0.8359,0,0,0,0,0,0,2,42.99,0.0,-27.29,0.0,506,2.72
30,2024-08,WEEKEND_SPLURGER,1957.41,3039.34,41,47.74,255.34,51.03,0.2143,0.195,0.3243,0.1199,0.1465,1.2184,41.91,12,30.03,2,62.7,2,59.91,12,42.31,13,Neutral,0.7261,0.8261,0.9158,1.0162,0.8275,1,0,0,0,1,0,2,20.98,0.0,-22.47,0.0,339,2.52
30,2024-09,WEEKEND_SPLURGER,2123.32,3039.34,45,47.18,209.75,38.57,0.2868,0.2059,0.2589,0.0772,0.1711,0.62,56.64,11,34.13,7,33.84,3,26.5,7,57.31,17,Excited,1.0544,0.9463,0.7932,0.7097,1.0484,1,1,0,0,0,1,2,20.98,0.0,-22.47,0.0,339,2.52
30,2024-10,WEEKEND_SPLURGER,2389.57,3039.34,45,53.1,201.58,47.82,0.2538,0.1763,0.312,0.0986,0.1594,0.8578,33.66,8,56.99,6,42.64,2,83.0,9,47.3,20,Excited,1.0499,0.9116,1.0756,1.0195,1.0992,1,1,0,1,1,1,2,20.98,0.0,-22.47,0.0,339,2.52
30,2024-11,WEEKEND_SPLURGER,2180.92,3039.34,47,46.4,160.85,44.13,0.2667,0.1824,0.2835,0.1007,0.1668,0.415,47.78,15,33.58,4,45.29,7,46.89,12,50.02,9,Happy,1.0069,0.8608,0.8919,0.951,1.0495,1,1,0,0,0,1,2,20.98,0.0,-22.47,0.0,339,2.52
30,2024-12,WEEKEND_SPLURGER,2090.04,3039.34,37,56.49,327.98,57.58,0.2784,0.1917,0.288,0.11,0.1319,0.5619,48.32,11,28.23,2,86.21,6,75.29,8,38.25,10,Neutral,1.0073,0.8671,0.8685,0.995,0.7955,1,1,0,0,0,0,2,20.98,0.0,-22.47,0.0,339,2.52
30,2025-01,WEEKEND_SPLURGER,1861.85,3039.34,43,43.3,169.96,43.96,0.2612,0.2022,0.3047,0.0985,0.1334,0.2828,44.5,10,57.82,5,16.51,3,49.54,9,39.52,16,Excited,0.8418,0.8149,0.8186,0.7935,0.7168,0,0,0,0,0,0,2,20.98,0.0,-22.47,0.0,339,2.52
31,2024-08,SUBSCRIPTION_HOARDER,2837.3,4348.61,25,113.49,564.65,139.15,0.3501,0.0937,0.2299,0.1561,0.1703,0.3919,31.96,4,113.9,3,35.05,3,134.79,14,375.5,1,Neutral,0.9957,0.7997,0.7845,0.8879,0.7264,0,0,0,0,0,0,8,101.93,0.5,-2.27,0.0,585,4.69
31,2024-09,SUBSCRIPTION_HOARDER,2941.21,4348.61,16,183.83,439.11,134.55,0.3138,0.077,0.225,0.1624,0.2217,0.155,87.42,2,51.25,1,147.32,3,255.44,8,114.82,2,Neutral,0.9252,0.6813,0.7962,0.9577,0.9806,0,0,0,0,0,0,8,101.93,0.5,-2.27,0.0,585,4.69
31,2024-10,SUBSCRIPTION_HOARDER,2943.25,4348.61,16,183.95,862.58,207.86,0.2931,0.08,0.2816,0.1239,0.2214,0.1284,367.37,3,0.0,0,84.22,6,190.83,7,0.0,0,Neutral,0.8647,0.7085,0.9969,0.7311,0.98,0,0,0,0,0,0,8,101.93,0.5,-2.27,0.0,585,4.69
31,2024-11,SUBSCRIPTION_HOARDER,2582.5,4348.61,22,117.39,521.84,119.16,0.3332,0.1068,0.2352,0.1375,0.1873,0.3222,216.96,4,338.76,1,64.14,3,81.15,11,96.93,3,Neutral,0.8627,0.8295,0.7307,0.7118,0.7272,0,0,0,0,0,0,8,101.93,0.5,-2.27,0.0,585,4.69
31,2024-12,SUBSCRIPTION_HOARDER,2866.04,4348.61,17,168.59,573.73,159.94,0.3212,0.0896,0.1944,0.1722,0.2226,1.0409,133.34,7,228.32,2,284.35,4,62.79,3,150.25,1,Stressed,0.9229,0.7725,0.6703,0.9892,0.9593,0,0,0,0,0,0,8,101.93,0.5,-2.27,0.0,585,4.69
31,2025-01,SUBSCRIPTION_HOARDER,2938.66,4348.61,27,108.84,853.57,158.57,0.3389,0.0804,0.2231,0.1554,0.2022,0.1568,94.94,5,298.92,4,99.14,5,59.43,13,0.0,0,Sad,0.9982,0.7109,0.7887,0.9154,0.8936,0,0,0,0,0,0,8,101.93,0.5,-2.27,0.0,585,4.69
32,2024-08,SUBSCRIPTION_HOARDER,4763.47,7124.27,37,128.74,561.48,118.51,0.337,0.0875,0.2186,0.1509,0.2059,0.2537,145.53,4,144.11,4,125.06,7,121.97,17,131.19,5,Neutral,0.9355,0.7286,0.7283,0.8379,0.8575,0,0,0,0,0,0,6,83.95,0.5,45.49,0.66,415,0.99
32,2024-09,SUBSCRIPTION_HOARDER,4476.15,7124.27,37,120.98,371.26,95.12,0.2615,0.1223,0.2373,0.1333,0.2456,0.4135,124.3,6,113.32,3,170.16,8,96.15,16,122.67,4,Neutral,0.682,0.9571,0.743,0.6953,0.961,0,0,0,0,0,0,6,83.95,0.5,45.49,0.66,415,0.99
32,2024-10,SUBSCRIPTION_HOARDER,4925.9,7124.27,30,164.2,539.77,140.77,0.3315,0.1084,0.2553,0.1468,0.158,0.4397,114.38,4,214.0,4,178.14,6,182.48,10,119.79,6,Neutral,0.9517,0.9333,0.8793,0.8428,0.6804,0,0,0,0,0,0,6,83.95,0.5,45.49,0.66,415,0.99
32,2024-11,SUBSCRIPTION_HOARDER,4537.16,7124.27,43,105.52,353.9,89.84,0.2952,0.0934,0.2847,0.1557,0.171,0.389,135.14,9,205.94,4,65.52,6,95.02,15,75.41,9,Neutral,0.7804,0.7409,0.9032,0.8235,0.6784,0,0,0,0,0,0,6,83.95,0.5,45.49,0.66,415,0.99
32,2024-12,SUBSCRIPTION_HOARDER,4910.6,7124.27,36,136.41,725.46,146.86,0.3107,0.0788,0.276,0.1438,0.1906,0.7157,46.32,4,303.85,3,160.38,7,102.12,19,250.28,3,Neutral,0.8891,0.6766,0.9479,0.8233,0.8182,0,0,0,0,0,0,6,83.95,0.5,45.49,0.66,415,0.99
32,2025-01,SUBSCRIPTION_HOARDER,4898.95,7124.27,40,122.47,667.42,118.36,0.3288,0.0901,0.259,0.1485,0.1736,0.2356,75.05,5,157.27,5,106.3,6,144.31,17,92.33,7,Neutral,0.9386,0.7717,0.8873,0.848,0.7435,0,0,0,0,0,0,6,83.95,0.5,45.49,0.66,415,0.99
33,2024-08,SUBSCRIPTION_HOARDER,5203.55,6543.44,26,200.14,964.78,242.96,0.3009,0.0951,0.2558,0.1544,0.1939,1.0648,304.47,2,353.24,2,129.25,4,223.78,11,129.94,7,Neutral,0.9291,0.8805,0.9477,0.9535,0.8979,0,0,0,0,0,0,5,70.96,0.6,-25.54,0.53,589,4.1
33,2024-09,SUBSCRIPTION_HOARDER,4784.85,6543.44,24,199.37,488.41,131.5,0.3149,0.1043,0.2543,0.1609,0.1657,0.4464,217.04,4,131.43,5,234.22,4,207.02,10,252.46,1,Neutral,0.8941,0.888,0.8665,0.9134,0.7055,0,0,0,0,0,0,5,70.96,0.6,-25.54,0.53,589,4.1
33,2024-10,SUBSCRIPTION_HOARDER,4747.01,6543.44,29,163.69,1609.64,292.03,0.3391,0.0781,0.2778,0.1234,0.1816,0.8621,52.11,6,68.51,3,79.27,3,244.61,14,188.82,3,Neutral,0.9551,0.6602,0.939,0.6951,0.7673,0,0,0,0,0,0,5,70.96,0.6,-25.54,0.53,589,4.1
33,2024-11,SUBSCRIPTION_HOARDER,4468.16,6543.44,36,124.12,629.87,129.46,0.2664,0.1177,0.2958,0.1561,0.164,0.7254,68.21,6,154.21,5,108.05,7,148.62,15,100.73,3,Neutral,0.7063,0.9363,0.9412,0.8276,0.6522,0,0,0,0,0,0,5,70.96,0.6,-25.54,0.53,589,4.1
33,2024-12,SUBSCRIPTION_HOARDER,4844.63,6543.44,38,127.49,805.15,159.6,0.3012,0.1152,0.2525,0.1289,0.2022,0.5207,182.48,6,66.17,4,118.04,7,132.46,19,71.05,2,Neutral,0.8659,0.9934,0.8711,0.7409,0.8719,0,0,0,0,0,0,5,70.96,0.6,-25.54,0.53,589,4.1
33,2025-01,SUBSCRIPTION_HOARDER,5044.7,6543.44,33,152.87,395.85,111.72,0.3083,0.0765,0.2551,0.1402,0.2198,0.2314,167.29,9,115.05,7,206.09,4,131.25,7,165.11,6,Happy,0.9229,0.6874,0.9164,0.8394,0.987,0,0,0,0,0,0,5,70.96,0.6,-25.54,0.53,589,4.1
34,2024-08,SUBSCRIPTION_HOARDER,3772.33,5752.13,42,89.82,552.38,111.85,0.3056,0.1141,0.2005,0.1715,0.2083,0.1194,112.53,11,95.18,2,78.4,10,86.43,17,45.44,2,Neutral,0.8714,0.9763,0.6859,0.9781,0.8908,0,0,0,0,0,0,8,101.93,0.75,-34.35,0.0,813,8.56
34,2024-09,SUBSCRIPTION_HOARDER,3382.83,5752.13,36,93.97,278.9,72.59,0.2954,0.1171,0.2195,0.167,0.201,0.4759,85.1,6,60.62,5,105.55,7,100.69,13,104.26,5,Neutral,0.7553,0.8979,0.6736,0.8538,0.7711,0,0,0,0,0,0,8,101.93,0.75,-34.35,0.0,813,8.56
34,2024-10,SUBSCRIPTION_HOARDER,3853.69,5752.13,37,104.15,567.23,101.07,0.2287,0.1093,0.2834,0.1698,0.2088,0.3985,96.78,8,130.48,5,133.6,8,90.91,12,66.84,4,Neutral,0.666,0.955,0.9907,0.9891,0.9124,0,0,0,0,0,0,8,101.93,0.75,-34.35,0.0,813,8.56
34,2024-11,SUBSCRIPTION_HOARDER,3455.79,5752.13,35,98.74,726.76,123.45,0.3505,0.084,0.2098,0.1461,0.2095,0.2693,77.8,10,65.57,3,129.21,6,130.57,11,53.92,5,Neutral,0.9154,0.6586,0.6577,0.7633,0.821,0,0,0,0,0,0,8,101.93,0.75,-34.35,0.0,813,8.56
34,2024-12,SUBSCRIPTION_HOARDER,3719.84,5752.13,44,84.54,572.26,102.12,0.3162,0.0956,0.221,0.1777,0.1895,0.6498,147.09,6,205.77,2,68.53,13,64.7,17,72.5,6,Neutral,0.8892,0.8061,0.7458,0.999,0.7992,0,0,0,0,0,0,8,101.93,0.75,-34.35,0.0,813,8.56
34,2025-01,SUBSCRIPTION_HOARDER,3409.26,5752.13,30,113.64,261.42,75.87,0.2745,0.1201,0.2887,0.1411,0.1756,0.1857,120.25,5,156.38,2,106.33,11,108.08,9,117.64,3,Stressed,0.7073,0.9282,0.8928,0.7273,0.6788,0,0,0,0,0,0,8,101.93,0.75,-34.35,0.0,813,8.56
35,2024-08,SUBSCRIPTION_HOARDER,4380.1,6282.77,51,85.88,495.62,89.6,0.3104,0.0878,0.2892,0.1241,0.1886,0.4888,36.3,10,179.49,7,75.21,6,71.43,20,110.11,8,Neutral,0.8791,0.7457,0.9828,0.7029,0.8013,0,0,0,0,0,0,8,101.93,0.75,45.32,0.07,702,6.34
35,2024-09,SUBSCRIPTION_HOARDER,4301.76,6282.77,33,130.36,469.71,127.51,0.2865,0.1047,0.2364,0.1341,0.2383,0.7512,194.67,8,242.6,4,96.0,3,74.46,14,110.88,4,Happy,0.7969,0.8735,0.7892,0.746,0.9944,0,0,0,0,0,0,8,101.93,0.75,45.32,0.07,702,6.34
35,2024-10,SUBSCRIPTION_HOARDER,4215.89,6282.77,39,108.1,387.06,94.64,0.3532,0.0893,0.2215,0.1212,0.2147,0.1999,170.23,4,76.61,4,75.89,8,122.4,17,90.1,6,Neutral,0.9629,0.7305,0.7246,0.6609,0.8781,0,0,0,0,0,0,8,101.93,0.75,45.32,0.07,702,6.34
35,2024-11,SUBSCRIPTION_HOARDER,4704.34,6282.77,39,120.62,552.82,120.86,0.3131,0.0894,0.2709,0.1175,0.2091,0.2983,109.58,7,199.67,5,105.35,4,106.09,20,131.94,3,Neutral,0.9525,0.8156,0.9889,0.7149,0.954,0,0,0,0,0,0,8,101.93,0.75,45.32,0.07,702,6.34
35,2024-12,SUBSCRIPTION_HOARDER,4480.57,6282.77,34,131.78,521.21,109.59,0.3175,0.1088,0.2636,0.15,0.1601,0.2268,135.21,9,48.65,3,75.1,6,125.8,12,289.37,4,Neutral,0.9198,0.9457,0.9164,0.8692,0.6959,0,0,0,0,0,0,8,101.93,0.75,45.32,0.07,702,6.34
35,2025-01,SUBSCRIPTION_HOARDER,4492.34,6282.77,60,74.87,333.23,66.83,0.3347,0.0994,0.2664,0.1409,0.1586,0.2692,59.28,12,93.28,6,64.29,15,64.31,20,138.68,7,Neutral,0.9723,0.8658,0.9288,0.8185,0.6911,0,0,0,0,0,0,8,101.93,0.75,45.32,0.07,702,6.34
36,2024-08,SUBSCRIPTION_HOARDER,2354.33,4311.29,30,78.48,303.57,67.85,0.3401,0.102,0.2294,0.1571,0.1714,0.3746,63.56,6,33.99,1,74.53,9,89.77,12,95.49,2,Neutral,0.8899,0.8006,0.7202,0.8221,0.6725,0,0,0,0,0,0,8,101.93,0.5,-11.44,2.45,522,1.32
36,2024-09,SUBSCRIPTION_HOARDER,2273.73,4311.29,49,46.4,338.83,55.76,0.2945,0.1226,0.2502,0.1602,0.1726,0.3663,81.79,7,41.87,2,41.89,18,40.7,20,24.74,2,Neutral,0.7441,0.9291,0.7586,0.8094,0.654,0,0,0,0,0,0,8,101.93,0.5,-11.44,2.45,522,1.32
36,2024-10,SUBSCRIPTION_HOARDER,2473.08,4311.29,37,66.84,203.57,51.8,0.2865,0.0992,0.2608,0.1368,0.2167,0.437,63.81,9,41.16,3,116.59,4,57.92,16,76.45,5,Neutral,0.7874,0.818,0.86,0.7521,0.8933,0,0,0,0,0,0,8,101.93,0.5,-11.44,2.45,522,1.32
36,2024-11,SUBSCRIPTION_HOARDER,2392.98,4311.29,37,64.68,443.17,89.99,0.3471,0.0832,0.2564,0.1291,0.1842,0.2152,45.75,3,91.44,2,36.9,8,67.35,19,99.61,5,Neutral,0.9229,0.6639,0.8182,0.6867,0.7347,0,0,0,0,0,0,8,101.93,0.5,-11.44,2.45,522,1.32
36,2024-12,SUBSCRIPTION_HOARDER,2437.35,4311.29,36,67.7,219.84,55.86,0.2584,0.1015,0.2665,0.1654,0.2082,0.3567,58.17,8,60.66,2,91.31,6,59.09,15,83.29,5,Neutral,0.6999,0.8246,0.8664,0.8959,0.8459,0,0,0,0,0,0,8,101.93,0.5,-11.44,2.45,522,1.32
36,2025-01,SUBSCRIPTION_HOARDER,2192.13,4311.29,34,64.47,306.53,57.4,0.3137,0.1137,0.2329,0.1586,0.1811,0.6317,73.57,3,38.99,3,101.39,8,52.74,12,51.3,8,Stressed,0.7642,0.8312,0.6808,0.7727,0.6616,0,0,0,0,0,0,8,101.93,0.5,-11.44,2.45,522,1.32
37,2024-08,SUBSCRIPTION_HOARDER,2589.06,4015.07,37,69.97,162.6,40.34,0.2824,0.0831,0.2531,0.1595,0.2219,0.5819,75.89,8,89.9,4,77.91,5,53.37,15,86.44,5,Neutral,0.7889,0.6964,0.8486,0.8913,0.9302,0,0,0,0,0,0,5,69.96,0.6,9.11,0.0,842,1.4
37,2024-09,SUBSCRIPTION_HOARDER,2366.71,4015.07,45,52.59,226.03,45.64,0.2774,0.0896,0.2847,0.1757,0.1726,0.5686,50.25,9,14.57,1,56.24,12,53.25,18,53.28,5,Neutral,0.7086,0.6866,0.8727,0.8973,0.6611,0,0,0,0,0,0,5,69.96,0.6,9.11,0.0,842,1.4
37,2024-10,SUBSCRIPTION_HOARDER,2570.36,4015.07,43,59.78,181.38,42.5,0.2409,0.1009,0.2698,0.1721,0.2163,0.2169,47.4,14,54.13,4,105.58,5,59.04,18,49.8,2,Neutral,0.6682,0.8395,0.8982,0.9548,0.8999,0,0,0,0,0,0,5,69.96,0.6,9.11,0.0,842,1.4
37,2024-11,SUBSCRIPTION_HOARDER,2491.01,4015.07,56,44.48,135.27,32.68,0.286,0.116,0.2102,0.1791,0.2087,0.49,51.36,12,28.51,6,44.63,12,42.66,16,48.57,10,Neutral,0.7688,0.9352,0.678,0.9632,0.8416,0,0,0,0,0,0,5,69.96,0.6,9.11,0.0,842,1.4
37,2024-12,SUBSCRIPTION_HOARDER,2502.51,4015.07,40,62.56,311.86,67.05,0.2993,0.108,0.2574,0.1677,0.1675,0.1723,69.94,9,42.38,3,75.46,12,43.49,14,115.8,2,Stressed,0.8083,0.8753,0.8343,0.906,0.6786,0,0,0,0,0,0,5,69.96,0.6,9.11,0.0,842,1.4
37,2025-01,SUBSCRIPTION_HOARDER,2587.2,4015.07,38,68.08,231.85,46.34,0.2638,0.0843,0.2851,0.1301,0.2368,0.4027,66.6,7,75.47,3,52.3,7,77.53,17,52.64,4,Neutral,0.7365,0.7058,0.9551,0.7267,0.9915,0,0,0,0,0,0,5,69.96,0.6,9.11,0.0,842,1.4
38,2024-08,SUBSCRIPTION_HOARDER,3282.88,4903.17,24,136.79,778.63,153.97,0.2613,0.1131,0.2687,0.1509,0.2061,0.3939,154.94,2,91.48,2,85.56,6,160.94,13,184.42,1,Neutral,0.7137,0.9264,0.8806,0.8243,0.8444,0,0,0,0,0,0,7,88.94,0.4286,65.8,1.04,505,3.8
38,2024-09,SUBSCRIPTION_HOARDER,2125.5,4903.17,19,111.87,348.58,89.55,0.0,0.0,0.344,0.2824,0.3737,0.6796,99.66,3,141.88,4,102.46,4,106.15,8,0.0,0,Neutral,0.0,0.0,0.73,0.9987,0.9912,0,0,0,0,0,0,7,88.94,0.4286,65.8,1.04,505,3.8
38,2024-10,SUBSCRIPTION_HOARDER,2113.09,4903.17,14,150.94,405.8,123.83,0.0,0.1365,0.4209,0.192,0.2505,0.0615,209.52,2,174.67,3,179.59,3,105.21,6,0.0,0,Neutral,0.0,0.7199,0.8881,0.6753,0.6607,0,0,0,0,0,0,7,88.94,0.4286,65.8,1.04,505,3.8
38,2024-11,SUBSCRIPTION_HOARDER,3450.9,4903.17,17,202.99,415.87,114.29,0.2828,0.1107,0.2625,0.1585,0.1855,0.2115,115.24,4,98.62,1,337.4,3,219.84,8,120.43,1,Neutral,0.8119,0.9539,0.9045,0.9099,0.7989,0,0,0,0,0,0,7,88.94,0.4286,65.8,1.04,505,3.8
38,2024-12,SUBSCRIPTION_HOARDER,2067.74,4903.17,7,295.39,535.94,195.47,0.4533,0.0,0.0,0.2894,0.2573,0.5733,371.13,1,0.0,0,532.07,1,157.15,4,535.94,1,Neutral,0.7799,0.0,0.0,0.9957,0.664,0,0,0,0,0,0,7,88.94,0.4286,65.8,1.04,505,3.8
38,2025-01,SUBSCRIPTION_HOARDER,3510.57,4903.17,25,140.42,635.97,129.51,0.2919,0.0917,0.2579,0.1404,0.2181,0.888,233.94,3,91.31,2,151.98,8,109.92,10,155.57,2,Stressed,0.8525,0.8035,0.9038,0.8203,0.9557,0,0,0,0,0,0,7,88.94,0.4286,65.8,1.04,505,3.8
39,2024-08,SUBSCRIPTION_HOARDER,241.69,984.33,25,9.67,55.06,11.4,0.2924,0.0913,0.2619,0.1777,0.1768,1.0288,5.3,9,6.32,2,11.83,5,20.84,4,7.77,5,Neutral,0.7976,0.747,0.8574,0.9695,0.7237,0,0,0,0,0,0,7,90.94,0.8571,-3.43,0.0,845,3.44
39,2024-09,SUBSCRIPTION_HOARDER,252.4,984.33,33,7.65,20.2,5.73,0.3057,0.1061,0.2036,0.158,0.2266,0.8762,5.42,6,6.14,5,9.43,9,8.02,13,0.0,0,Neutral,0.871,0.9065,0.6962,0.9007,0.9683,0,0,0,0,0,0,7,90.94,0.8571,-3.43,0.0,845,3.44
39,2024-10,SUBSCRIPTION_HOARDER,237.45,984.33,27,8.79,49.84,8.92,0.2735,0.1231,0.2218,0.177,0.2045,0.547,7.97,7,8.14,1,15.61,5,6.05,12,11.42,2,Stressed,0.7332,0.9898,0.7135,0.949,0.8224,0,0,0,0,0,0,7,90.94,0.8571,-3.43,0.0,845,3.44
39,2024-11,SUBSCRIPTION_HOARDER,254.65,984.33,20,12.73,77.05,16.48,0.3321,0.0934,0.2406,0.1349,0.1989,0.2922,11.11,6,5.72,2,4.44,4,19.85,8,0.0,0,Neutral,0.9547,0.8056,0.8301,0.7758,0.8574,0,0,0,0,0,0,7,90.94,0.8571,-3.43,0.0,845,3.44
39,2024-12,SUBSCRIPTION_HOARDER,237.66,984.33,18,13.2,69.71,18.13,0.2933,0.1229,0.23,0.164,0.1898,0.3658,16.97,5,5.63,4,5.8,1,8.94,6,35.42,2,Happy,0.7869,0.9895,0.7403,0.8801,0.7636,0,0,0,0,0,0,7,90.94,0.8571,-3.43,0.0,845,3.44
39,2025-01,SUBSCRIPTION_HOARDER,223.07,984.33,30,7.44,24.17,6.62,0.2763,0.131,0.2677,0.1454,0.1795,0.5157,1.57,2,13.75,3,9.56,6,4.92,12,8.9,7,Excited,0.6958,0.9895,0.809,0.7324,0.6781,0,0,0,0,0,0,7,90.94,0.8571,-3.43,0.0,845,3.44
40,2024-08,SUBSCRIPTION_HOARDER,3844.1,5698.25,35,109.83,866.01,156.84,0.3011,0.0926,0.2835,0.1449,0.1778,0.2464,76.75,6,342.82,4,96.39,11,62.74,10,81.17,4,Sad,0.8319,0.768,0.9401,0.8008,0.737,0,0,0,0,0,0,8,101.93,0.75,4.46,1.64,437,4.93
40,2024-09,SUBSCRIPTION_HOARDER,3701.61,5698.25,35,105.76,367.56,80.18,0.3373,0.0888,0.222,0.1246,0.2274,0.2838,63.83,7,172.09,3,106.28,10,115.6,13,86.46,2,Neutral,0.8974,0.7084,0.7087,0.6628,0.9078,0,0,0,0,0,0,8,101.93,0.75,4.46,1.64,437,4.93
40,2024-10,SUBSCRIPTION_HOARDER,4133.8,5698.25,28,147.64,428.12,115.33,0.2747,0.1061,0.2614,0.1439,0.214,0.5595,142.7,9,200.83,2,127.88,2,185.81,10,66.79,5,Neutral,0.8161,0.9455,0.932,0.8549,0.9539,0,0,0,0,0,0,8,101.93,0.75,4.46,1.64,437,4.93
40,2024-11,SUBSCRIPTION_HOARDER,3569.17,5698.25,45,79.31,278.64,62.15,0.2686,0.0967,0.2176,0.1629,0.2541,0.4201,121.84,8,59.24,6,79.05,8,64.74,20,103.93,3,Neutral,0.6892,0.7444,0.67,0.8359,0.9778,0,0,0,0,0,0,8,101.93,0.75,4.46,1.64,437,4.93
40,2024-12,SUBSCRIPTION_HOARDER,3767.78,5698.25,35,107.65,368.86,86.91,0.2558,0.0995,0.3006,0.1404,0.2037,0.5434,184.72,2,144.93,5,106.25,9,87.7,16,104.77,3,Neutral,0.6927,0.8083,0.9769,0.7606,0.8275,0,0,0,0,0,0,8,101.93,0.75,4.46,1.64,437,4.93
40,2025-01,SUBSCRIPTION_HOARDER,3948.57,5698.25,36,109.68,264.32,71.12,0.2473,0.1169,0.29,0.1148,0.2309,0.339,126.2,10,106.63,1,108.1,11,87.92,9,119.9,5,Happy,0.7019,0.9953,0.9878,0.6517,0.9831,0,0,0,0,0,0,8,101.93,0.75,4.46,1.64,437,4.93
41,2024-08,BALANCED_BUDGETER,2432.93,3780.64,39,62.38,193.78,44.76,0.2642,0.1443,0.1952,0.194,0.2022,0.2923,72.62,6,34.08,6,40.84,5,66.26,13,80.8,9,Neutral,0.9236,0.841,0.8531,0.8478,0.8834,0,0,0,0,0,0,1,7.99,0.0,6.95,0.0,790,1.61
41,2024-09,BALANCED_BUDGETER,2293.85,3780.64,38,60.36,143.73,36.44,0.2294,0.1478,0.2163,0.1919,0.2147,0.3683,45.77,9,79.71,7,60.38,7,57.47,12,70.55,3,Neutral,0.756,0.8116,0.8909,0.7904,0.8847,0,0,0,0,0,0,1,7.99,0.0,6.95,0.0,790,1.61
41,2024-10,BALANCED_BUDGETER,2323.08,3780.64,39,59.57,350.42,55.82,0.2303,0.159,0.201,0.2214,0.1883,0.5359,49.88,12,90.61,6,67.93,7,56.85,11,26.67,3,Neutral,0.7688,0.8845,0.8388,0.9236,0.7855,0,0,0,0,0,0,1,7.99,0.0,6.95,0.0,790,1.61
41,2024-11,BALANCED_BUDGETER,2483.8,3780.64,44,56.45,233.92,44.38,0.2571,0.1579,0.1988,0.1904,0.1958,0.6931,82.18,9,48.76,8,19.71,5,54.51,16,63.89,6,Neutral,0.9176,0.9389,0.8866,0.8494,0.8736,0,0,0,0,0,0,1,7.99,0.0,6.95,0.0,790,1.61
41,2024-12,BALANCED_BUDGETER,2425.77,3780.64,43,56.41,175.95,35.13,0.2479,0.1302,0.2149,0.2038,0.2032,0.2397,55.27,9,55.27,7,84.66,6,50.06,15,47.1,6,Neutral,0.8641,0.7561,0.9362,0.8879,0.8853,0,0,0,0,0,0,1,7.99,0.0,6.95,0.0,790,1.61
41,2025-01,BALANCED_BUDGETER,2370.26,3780.64,51,46.48,129.15,34.23,0.2589,0.146,0.2068,0.1812,0.2071,0.3028,42.65,15,43.91,5,62.43,7,43.81,19,48.33,5,Neutral,0.8818,0.8287,0.8803,0.7713,0.8816,0,0,0,0,0,0,1,7.99,0.0,6.95,0.0,790,1.61
42,2024-08,BALANCED_BUDGETER,130.41,500.0,54,2.42,6.33,1.44,0.2186,0.1692,0.1912,0.2126,0.2083,0.2917,2.77,17,0.9,3,1.99,7,2.7,20,1.79,7,Neutral,0.7603,0.9809,0.8313,0.924,0.9057,0,0,0,0,0,0,2,17.98,0.0,-0.92,7.46,821,5.74
42,2024-09,BALANCED_BUDGETER,130.93,500.0,49,2.67,7.01,1.59,0.257,0.1617,0.1916,0.1873,0.2025,0.2428,2.25,14,2.45,5,1.35,4,3.09,21,3.4,5,Neutral,0.8973,0.9409,0.836,0.8173,0.8837,0,0,0,0,0,0,2,17.98,0.0,-0.92,7.46,821,5.74
42,2024-10,BALANCED_BUDGETER,130.57,500.0,43,3.04,16.27,2.81,0.2592,0.1588,0.1942,0.2099,0.1778,0.1372,2.62,11,2.21,4,4.24,3,3.91,12,2.56,13,Neutral,0.9024,0.9218,0.8453,0.9137,0.774,0,0,0,0,0,0,2,17.98,0.0,-0.92,7.46,821,5.74
42,2024-11,BALANCED_BUDGETER,123.52,500.0,40,3.09,9.08,2.14,0.2281,0.1528,0.202,0.2013,0.2159,0.3447,3.24,11,2.76,4,3.84,4,2.74,17,3.71,4,Neutral,0.7512,0.8387,0.8317,0.8287,0.889,0,0,0,0,0,0,2,17.98,0.0,-0.92,7.46,821,5.74
42,2024-12,BALANCED_BUDGETER,121.04,500.0,40,3.03,9.79,2.1,0.2602,0.1484,0.2043,0.1971,0.1899,0.6488,3.3,16,1.15,3,4.13,4,3.03,11,2.5,6,Happy,0.84,0.7982,0.8243,0.7953,0.7663,0,0,0,0,0,0,2,17.98,0.0,-0.92,7.46,821,5.74
42,2025-01,BALANCED_BUDGETER,131.31,500.0,47,2.79,10.67,2.26,0.2531,0.1514,0.1926,0.1921,0.2108,0.1798,2.9,18,1.28,4,2.19,8,3.51,11,2.98,6,Happy,0.8861,0.8836,0.843,0.841,0.9227,0,0,0,0,0,0,2,17.98,0.0,-0.92,7.46,821,5.74
43,2024-08,BALANCED_BUDGETER,3402.56,5406.25,25,136.1,617.42,149.49,0.258,0.1382,0.1997,0.2016,0.2025,0.111,271.26,4,155.04,2,166.03,3,108.73,12,51.16,4,Neutral,0.8458,0.7552,0.8182,0.826,0.8298,0,0,0,0,0,0,3,29.97,0.0,19.71,2.63,804,1.5
43,2024-09,BALANCED_BUDGETER,3681.62,5406.25,17,216.57,757.78,227.93,0.2415,0.1474,0.2037,0.2058,0.2015,0.2854,240.26,4,193.21,3,144.72,4,73.68,3,447.01,3,Excited,0.8567,0.8716,0.903,0.9126,0.8936,0,0,0,0,0,0,3,29.97,0.0,19.71,2.63,804,1.5
43,2024-10,BALANCED_BUDGETER,2628.04,5406.25,18,146.0,331.11,105.56,0.2977,0.187,0.2375,0.2779,0.0,0.6519,141.63,5,0.0,0,143.74,7,134.56,4,187.74,2,Stressed,0.7537,0.7892,0.7515,0.8795,0.0,0,0,0,0,0,0,3,29.97,0.0,19.71,2.63,804,1.5
43,2024-11,BALANCED_BUDGETER,3503.45,5406.25,20,175.17,566.28,154.21,0.2366,0.1663,0.1806,0.2221,0.1944,0.3641,54.32,2,159.0,4,147.18,5,221.37,4,227.48,5,Excited,0.7987,0.9354,0.7621,0.9369,0.8203,0,0,0,0,0,0,3,29.97,0.0,19.71,2.63,804,1.5
43,2024-12,BALANCED_BUDGETER,3478.4,5406.25,29,119.94,302.58,79.89,0.2528,0.1435,0.1926,0.1937,0.2174,0.6433,67.52,7,121.86,2,115.35,4,169.35,10,101.19,6,Neutral,0.8472,0.8014,0.807,0.8114,0.9106,0,0,0,0,0,0,3,29.97,0.0,19.71,2.63,804,1.5
43,2025-01,BALANCED_BUDGETER,3487.36,5406.25,19,183.55,734.2,171.15,0.2418,0.1557,0.2127,0.1916,0.1983,0.4138,180.82,7,297.58,4,142.21,2,125.05,5,121.69,1,Happy,0.8123,0.8721,0.8932,0.8045,0.8327,0,0,0,0,0,0,3,29.97,0.0,19.71,2.63,804,1.5
44,2024-08,BALANCED_BUDGETER,4262.97,6083.39,33,129.18,696.72,144.45,0.2351,0.159,0.1881,0.2045,0.2133,0.1883,160.06,9,73.64,5,231.96,4,97.85,10,109.57,5,Happy,0.7862,0.8862,0.7863,0.855,0.8918,0,0,0,0,0,0,1,10.99,0.0,-2.84,0.0,849,6.04
44,2024-09,BALANCED_BUDGETER,4467.14,6083.39,12,372.26,961.16,289.45,0.2464,0.1372,0.2152,0.1933,0.208,0.0219,277.3,6,0.0,0,0.0,0,501.43,4,398.83,2,Neutral,0.8635,0.8013,0.9426,0.8467,0.9112,0,0,0,0,0,0,1,10.99,0.0,-2.84,0.0,849,6.04
44,2024-10,BALANCED_BUDGETER,4415.63,6083.39,25,176.63,657.29,145.48,0.219,0.1518,0.2171,0.201,0.211,0.1985,181.26,9,172.34,5,192.13,6,124.64,2,173.51,3,Happy,0.7587,0.8766,0.9403,0.8703,0.9138,0,0,0,0,0,0,1,10.99,0.0,-2.84,0.0,849,6.04
44,2024-11,BALANCED_BUDGETER,4294.2,6083.39,30,143.14,530.71,120.57,0.2362,0.1411,0.2071,0.1976,0.218,0.5089,157.63,7,195.7,4,53.31,4,156.42,11,118.52,4,Neutral,0.7956,0.7924,0.8722,0.8322,0.918,0,0,0,0,0,0,1,10.99,0.0,-2.84,0.0,849,6.04
44,2024-12,BALANCED_BUDGETER,4333.22,6083.39,18,240.73,727.38,170.23,0.2414,0.1407,0.2132,0.1894,0.2152,0.2222,300.48,6,116.71,1,320.74,5,105.56,4,193.86,2,Happy,0.8207,0.7974,0.9061,0.805,0.9145,0,0,0,0,0,0,1,10.99,0.0,-2.84,0.0,849,6.04
44,2025-01,BALANCED_BUDGETER,4347.7,6083.39,23,189.03,552.35,137.17,0.259,0.1353,0.2052,0.1971,0.2034,0.4488,189.98,9,0.0,0,121.92,2,239.14,8,120.24,4,Neutral,0.8835,0.7691,0.8748,0.8404,0.8673,0,0,0,0,0,0,1,10.99,0.0,-2.84,0.0,849,6.04
45,2024-08,BALANCED_BUDGETER,3493.29,5562.92,39,89.57,272.36,65.3,0.2715,0.1675,0.1921,0.1862,0.1827,0.3172,79.63,14,77.19,6,53.14,4,102.96,13,182.18,2,Neutral,0.8974,0.9226,0.7933,0.7692,0.7547,0,0,0,0,0,0,1,30.0,0.0,-30.1,0.0,844,5.47
45,2024-09,BALANCED_BUDGETER,3574.85,5562.92,37,96.62,346.76,79.3,0.2577,0.1525,0.1884,0.1959,0.2055,0.2418,103.49,12,56.51,3,107.24,10,92.09,9,87.42,3,Happy,0.8714,0.8593,0.7964,0.8282,0.8689,0,0,0,0,0,0,1,30.0,0.0,-30.1,0.0,844,5.47
45,2024-10,BALANCED_BUDGETER,3655.74,5562.92,36,101.55,273.7,65.0,0.274,0.1349,0.2057,0.1922,0.1933,0.1572,79.69,7,111.67,4,102.7,7,112.6,11,99.1,7,Neutral,0.9476,0.7773,0.889,0.8309,0.8356,0,0,0,0,0,0,1,30.0,0.0,-30.1,0.0,844,5.47
45,2024-11,BALANCED_BUDGETER,3605.21,5562.92,35,103.01,375.12,73.83,0.2605,0.1668,0.182,0.1808,0.2099,0.5483,112.9,11,44.08,4,105.33,6,116.32,11,91.85,3,Neutral,0.8885,0.9482,0.7757,0.7708,0.8949,0,0,0,0,0,0,1,30.0,0.0,-30.1,0.0,844,5.47
45,2024-12,BALANCED_BUDGETER,3437.44,5562.92,28,122.77,397.08,94.54,0.2475,0.1413,0.1887,0.2285,0.194,0.4348,154.89,5,173.92,4,71.95,4,107.56,9,118.59,6,Neutral,0.8048,0.7659,0.7671,0.9288,0.7884,0,0,0,0,0,0,1,30.0,0.0,-30.1,0.0,844,5.47
45,2025-01,BALANCED_BUDGETER,3375.15,5562.92,34,99.27,313.96,68.99,0.2491,0.1543,0.1914,0.2139,0.1913,0.225,84.06,13,166.23,5,37.66,2,95.25,13,137.7,1,Neutral,0.7953,0.821,0.7639,0.8538,0.7635,0,0,0,0,0,0,1,30.0,0.0,-30.1,0.0,844,5.47
46,2024-08,BALANCED_BUDGETER,5774.41,7897.82,34,169.84,339.49,85.44,0.2315,0.1496,0.2152,0.2046,0.1991,0.2518,165.73,8,51.1,2,197.1,8,175.24,15,140.93,1,Neutral,0.7967,0.858,0.926,0.8802,0.8566,0,0,0,0,0,0,1,9.99,0.0,35.23,0.0,792,0.43
46,2024-09,BALANCED_BUDGETER,5874.07,7897.82,27,217.56,441.97,110.7,0.2332,0.1515,0.2168,0.2016,0.1969,0.3567,180.76,7,222.41,6,180.15,5,301.19,5,216.89,4,Neutral,0.8166,0.8839,0.9488,0.8824,0.8616,0,0,0,0,0,0,1,9.99,0.0,35.23,0.0,792,0.43
46,2024-10,BALANCED_BUDGETER,5656.53,7897.82,38,148.86,368.67,91.6,0.25,0.1356,0.2046,0.2234,0.1863,0.1514,149.06,13,98.34,4,149.07,8,169.45,9,151.95,4,Happy,0.843,0.762,0.8625,0.9415,0.7851,0,0,0,0,0,0,1,9.99,0.0,35.23,0.0,792,0.43
46,2024-11,BALANCED_BUDGETER,5558.37,7897.82,35,158.81,416.12,86.63,0.2385,0.1552,0.1858,0.2029,0.2176,0.4493,152.99,13,59.34,1,201.23,7,167.22,11,87.37,3,Happy,0.7902,0.8572,0.7693,0.8401,0.9012,0,0,0,0,0,0,1,9.99,0.0,35.23,0.0,792,0.43
46,2024-12,BALANCED_BUDGETER,5835.6,7897.82,36,162.1,442.03,113.86,0.2539,0.1568,0.2152,0.1833,0.1909,0.3259,141.01,14,86.79,4,219.16,8,195.88,8,96.98,2,Happy,0.883,0.9091,0.9354,0.7969,0.8299,0,0,0,0,0,0,1,9.99,0.0,35.23,0.0,792,0.43
46,2025-01,BALANCED_BUDGETER,6063.74,7897.82,40,151.59,320.99,79.43,0.2624,0.1553,0.1899,0.2033,0.1891,0.2903,159.55,10,136.05,3,157.7,11,148.45,9,141.33,7,Stressed,0.9485,0.9354,0.858,0.9184,0.8542,0,0,0,0,0,0,1,9.99,0.0,35.23,0.0,792,0.43
47,2024-08,BALANCED_BUDGETER,2594.71,3896.04,37,70.13,301.42,64.24,0.2267,0.1597,0.1832,0.2162,0.2141,0.2357,50.18,10,76.84,1,49.83,6,83.79,10,87.93,10,Excited,0.7678,0.9011,0.7756,0.9152,0.9064,0,0,0,0,0,0,1,12.99,0.0,14.76,0.28,591,4.9
47,2024-09,BALANCED_BUDGETER,2419.37,3896.04,25,96.77,197.41,59.29,0.2398,0.154,0.2034,0.2083,0.1945,0.2737,93.44,7,62.0,2,47.0,2,100.56,8,123.8,6,Neutral,0.7572,0.8106,0.8026,0.822,0.7675,0,0,0,0,0,0,1,12.99,0.0,14.76,0.28,591,4.9
47,2024-10,BALANCED_BUDGETER,2588.87,3896.04,25,103.55,332.25,71.66,0.2548,0.144,0.1964,0.1988,0.206,0.5417,74.36,5,95.34,2,124.99,7,112.39,9,69.93,2,Neutral,0.8608,0.8111,0.8294,0.8394,0.8701,0,0,0,0,0,0,1,12.99,0.0,14.76,0.28,591,4.9
47,2024-11,BALANCED_BUDGETER,2736.97,3896.04,25,109.48,250.11,73.72,0.2615,0.1427,0.2124,0.2061,0.1773,0.2544,119.21,10,0.0,0,96.81,3,96.74,9,127.94,3,Happy,0.9339,0.8494,0.9484,0.9203,0.7917,0,0,0,0,0,0,1,12.99,0.0,14.76,0.28,591,4.9
47,2024-12,BALANCED_BUDGETER,2652.55,3896.04,32,82.89,211.67,53.81,0.2234,0.1583,0.1909,0.2139,0.2134,0.5281,55.5,6,74.1,7,111.52,4,97.32,11,71.07,4,Neutral,0.7733,0.9135,0.8261,0.9256,0.9236,0,0,0,0,0,0,1,12.99,0.0,14.76,0.28,591,4.9
47,2025-01,BALANCED_BUDGETER,2528.52,3896.04,26,97.25,313.25,79.7,0.2752,0.1475,0.1858,0.2014,0.1902,0.3138,130.19,8,48.37,2,43.75,5,90.28,10,268.78,1,Happy,0.908,0.8109,0.7662,0.8306,0.7847,0,0,0,0,0,0,1,12.99,0.0,14.76,0.28,591,4.9
48,2024-08,BALANCED_BUDGETER,448.34,1736.92,54,8.3,19.26,5.24,0.2381,0.1647,0.2041,0.2126,0.1805,0.3117,8.37,18,7.92,6,5.99,9,9.32,12,9.38,9,Happy,0.8193,0.945,0.8781,0.9144,0.7765,0,0,0,0,0,0,1,9.99,0.0,-3.98,10.81,639,2.68
48,2024-09,BALANCED_BUDGETER,454.71,1736.92,43,10.57,34.99,7.14,0.2677,0.1457,0.1997,0.207,0.1799,0.609,11.34,14,12.31,4,17.06,4,6.71,12,10.89,9,Happy,0.9345,0.8475,0.8712,0.903,0.7851,0,0,0,0,0,0,1,9.99,0.0,-3.98,10.81,639,2.68
48,2024-10,BALANCED_BUDGETER,413.15,1736.92,59,7.0,17.65,4.8,0.2616,0.1475,0.2077,0.1927,0.1905,0.5466,6.02,13,8.12,5,9.03,9,7.34,18,5.78,14,Neutral,0.8297,0.7798,0.8235,0.7638,0.7551,0,0,0,0,0,0,1,9.99,0.0,-3.98,10.81,639,2.68
48,2024-11,BALANCED_BUDGETER,460.15,1736.92,42,10.96,42.86,9.34,0.2669,0.1461,0.2136,0.1895,0.184,0.2023,14.2,14,9.93,2,7.39,8,9.89,12,10.6,6,Happy,0.9427,0.86,0.9431,0.8365,0.8123,0,0,0,0,0,0,1,9.99,0.0,-3.98,10.81,639,2.68
48,2024-12,BALANCED_BUDGETER,434.79,1736.92,47,9.25,34.49,7.32,0.251,0.1386,0.2105,0.1904,0.2095,0.3679,8.55,16,7.89,2,8.92,8,10.79,16,7.63,5,Neutral,0.8379,0.7712,0.8781,0.7942,0.8738,0,0,0,0,0,0,1,9.99,0.0,-3.98,10.81,639,2.68
48,2025-01,BALANCED_BUDGETER,423.02,1736.92,50,8.46,27.66,6.35,0.2403,0.1414,0.2232,0.2074,0.1877,0.0697,8.61,11,9.13,10,7.44,12,10.35,11,5.66,6,Neutral,0.7804,0.7651,0.9061,0.842,0.7617,0,0,0,0,0,0,1,9.99,0.0,-3.98,10.81,639,2.68
49,2024-08,BALANCED_BUDGETER,124.32,500.0,29,4.29,18.29,4.21,0.2297,0.1609,0.2284,0.1926,0.1884,0.3547,3.5,10,3.0,2,10.89,3,3.81,10,3.14,4,Neutral,0.7616,0.8889,0.9467,0.798,0.7807,0,0,0,0,0,0,2,20.98,0.0,0.17,0.24,563,6.79
49,2024-09,BALANCED_BUDGETER,122.81,500.0,29,4.23,17.17,3.67,0.2475,0.1411,0.217,0.1862,0.2081,0.2014,5.39,9,3.78,2,3.11,5,3.77,8,4.2,5,Happy,0.8107,0.7702,0.8883,0.7623,0.852,0,0,0,0,0,0,2,20.98,0.0,0.17,0.24,563,6.79
49,2024-10,BALANCED_BUDGETER,130.45,500.0,32,4.08,9.76,2.44,0.2625,0.1506,0.1865,0.2011,0.1993,0.2251,2.93,7,4.11,6,3.32,7,5.16,12,0.0,0,Neutral,0.9131,0.8729,0.811,0.8747,0.8667,0,0,0,0,0,0,2,20.98,0.0,0.17,0.24,563,6.79
49,2024-11,BALANCED_BUDGETER,123.6,500.0,37,3.34,7.74,1.89,0.2358,0.1689,0.2039,0.1915,0.1999,0.4886,2.76,17,4.08,3,3.12,7,5.76,6,1.99,4,Happy,0.7773,0.9276,0.84,0.789,0.8237,0,0,0,0,0,0,2,20.98,0.0,0.17,0.24,563,6.79
49,2024-12,BALANCED_BUDGETER,130.07,500.0,39,3.34,9.37,2.38,0.264,0.1558,0.2085,0.177,0.1947,0.6373,3.72,12,4.33,6,2.07,5,3.44,8,2.69,8,Happy,0.9157,0.9009,0.904,0.7673,0.844,0,0,0,0,0,0,2,20.98,0.0,0.17,0.24,563,6.79
49,2025-01,BALANCED_BUDGETER,122.54,500.0,42,2.92,8.98,2.11,0.2315,0.1476,0.2207,0.1903,0.2098,0.381,2.44,7,3.54,6,3.39,7,2.45,12,3.11,10,Excited,0.7565,0.804,0.9017,0.7773,0.857,0,0,0,0,0,0,2,20.98,0.0,0.17,0.24,563,6.79
50,2024-08,BALANCED_BUDGETER,2329.48,3742.96,21,110.93,505.22,111.3,0.2169,0.1381,0.218,0.2099,0.2172,0.3302,129.74,8,44.83,3,100.38,3,130.06,4,111.91,3,Happy,0.7524,0.7982,0.9452,0.9103,0.9419,0,0,0,0,0,0,3,32.97,0.0,13.73,0.0,768,5.61
50,2024-09,BALANCED_BUDGETER,2223.35,3742.96,25,88.93,271.48,67.25,0.2331,0.1558,0.2032,0.222,0.1859,0.3895,76.93,6,126.63,3,74.3,3,87.73,9,92.34,4,Neutral,0.7719,0.8596,0.8409,0.9189,0.7696,0,0,0,0,0,0,3,32.97,0.0,13.73,0.0,768,5.61
50,2024-10,BALANCED_BUDGETER,2231.45,3742.96,33,67.62,254.84,52.61,0.2347,0.1471,0.2161,0.2035,0.1986,0.5678,41.31,10,61.49,3,155.5,4,72.53,9,51.3,7,Neutral,0.78,0.8149,0.8975,0.8452,0.8252,0,0,0,0,0,0,3,32.97,0.0,13.73,0.0,768,5.61
50,2024-11,BALANCED_BUDGETER,2422.38,3742.96,34,71.25,185.18,42.4,0.2334,0.1509,0.2059,0.2087,0.2012,0.4284,60.57,14,67.56,2,100.24,6,62.81,10,104.9,2,Happy,0.8419,0.907,0.9284,0.9411,0.9074,0,0,0,0,0,0,3,32.97,0.0,13.73,0.0,768,5.61
50,2024-12,BALANCED_BUDGETER,2263.88,3742.96,19,119.15,337.42,91.61,0.2633,0.149,0.19,0.2179,0.1798,0.841,76.64,4,104.76,5,179.0,3,129.54,6,119.28,1,Neutral,0.8876,0.8375,0.8009,0.9181,0.7577,0,0,0,0,0,0,3,32.97,0.0,13.73,0.0,768,5.61
50,2025-01,BALANCED_BUDGETER,2363.09,3742.96,25,94.52,210.8,61.43,0.2393,0.1496,0.2005,0.2112,0.1994,0.1547,103.44,9,110.31,2,51.44,2,92.23,9,92.83,3,Happy,0.8423,0.8774,0.8819,0.929,0.8773,0,0,0,0,0,0,3,32.97,0.0,13.73,0.0,768,5.61
